Depth_from_Surface_cm,Age_wmean,Ave_Density,Ave_Organics,MagSuscept_10^-5
1,5297.5,,,2.32
2,5337.7,,,2.35
3,5382.6,,,2.64
4,5426.3,,,3.56
5,5471.5,1.0061,8.093440302,4.66
6,5511.5,,,3.04
7,5557,1.6922,8.278780665,3.66
8,5603.2,1.1048,3.892107169,2.71
9,5646.9,0.6689,3.064733144,3.06
10,5693.1,1.4008,4.376070817,2.68
11,5739,0.9655,4.961160021,3.005
12,5783.9,0.8974,3.532427011,4.08
13,5828.6,1.3761,3.364581062,2.835
14,5876.2,0.7557,4.472674342,4.515
15,5922.4,1.0063,3.259465368,3.885
16,5967.8,1.4834,3.303222327,3.365
17,6014.3,0.9223,3.415374607,2.475
18,6058,1.4718,5.958690039,2.39
19,6103.9,0.8857,5.983967483,1.745
20,6148.6,0.9591,4.274840997,3.725
21,6196.3,0.6934,3.663109316,6.045
22,6239.6,1.1555,4.846386846,7.77
23,6286.2,0.8339,5.228444658,4.045
24,6329.7,1.0689,3.676676958,1.21
25,6375.4,1.5286,4.010205417,1.18
26,6422.8,1.2195,5.354653547,0.905
27,6467.9,1.0594,5.682461771,0.94
28,6512.4,0.6782,3.125921557,-2.66
29,6558,0.9806,2.998164389,1.595
30,6604.4,1.0691,3.601159854,4.205
31,6647.1,1.2422,2.833682177,2.36
32,6694.7,1.185,2.683544304,1.52
33,6739.6,1.1699,2.624155911,2.665
34,6782.8,1.2151,2.773434285,4.295
35,6828.9,1.0769,5.097966385,4.835
36,6871.6,0.1241,8.72960045,4.19
37,6916.5,0.1317,8.953701815,3.965
38,6960.4,0.143,9.26525852,4.585
39,7006.3,1.2495,7.066826731,4.92
40,7049.9,1.1945,6.035998326,1.905
41,7093.7,1.2182,6.887210639,2.83
42,7139.3,0.9088,9.07790493,2.445
43,7181.6,1.3965,8.693161475,3.29
44,7227.6,1.1783,7.035559705,3.28
45,7269.8,1.2726,6.608517995,3.58
46,7310.6,0.7013,7.671467275,3.72
47,7359.9,1.1604,7.850741124,4.205
48,7405.2,1.2637,7.114030229,3.03
49,7448.5,1.1933,6.905220816,3.615
50,7490.7,1.3951,8.386495592,3.635
51,7525.8,1.2666,8.763619138,3.675
52,7564.1,1.4054,6.880603387,4.28
53,7601.6,1.3824,6.329571759,3.41
54,7638.9,1.292,7.747678019,4.395
55,7677,1.1903,7.552717802,5.5
56,7712.5,1.4978,5.821872079,5.14
57,7748.5,1.3231,6.703952838,5.12
58,7788.1,1.2542,7.702120874,4.64
59,7824.8,1.2438,6.978613925,5.89
60,7863.5,1.2831,6.3128361,5.64
61,7899.1,1.1008,5.632267442,5.155
62,7937.3,1.3796,5.813279211,3.46
63,7973.8,1.5897,4.956910109,6.2
64,8012.5,1.4141,4.985503147,7.2
65,8048.8,1.4441,4.805761374,7.01
66,8085.8,1.3737,5.117565698,4.81
67,8123.8,1.3751,2.450730856,3.88
68,8159.7,1.4667,3.82491307,4.375
69,8195.9,1.1822,3.857215361,3.765
70,8233,1.3989,3.195367789,2.92
71,8271.5,1.3845,3.553629469,3.735
72,8308.4,1.2223,3.935204123,4.62
73,8346.4,1.2641,4.034490942,6.535
74,8382.7,1.4014,3.282431854,4.8
75,8418.3,1.265,2.703557312,4.005
76,8454.2,1.3292,3.197411977,7.605
77,8493.1,1.283,2.821512081,6.78
78,8529.7,1.2962,2.777349175,5.585
79,8567.6,1.2576,3.355597964,7.51
80,8603.9,1.3276,3.63061163,5.4
81,8640.7,1.3365,3.441825664,8.87
82,8677.3,1.3871,3.366736356,6.47
83,8713.3,1.7394,2.454869495,3.76
84,8749.5,1.1769,3.611181919,3.435
85,8787.3,1.2811,3.450160019,4.655
86,8824.3,1.3132,3.449588791,4.265
87,8863.3,1.2803,2.24947278,5.68
88,8899.9,1.1897,4.143901824,5.135
89,8937.7,1.1927,2.272155613,4.635
90,8974.4,1.306,3.460949464,3.955
91,9010.7,1.2245,4.393630053,4.085
92,9047.5,1.2379,4.006785685,4.91
93,9085,1.2811,3.62188744,4.18
94,9122.1,1.2938,3.601793167,3.98
95,9159.2,1.2987,4.081004081,4.645
96,9195.1,1.1555,4.422327997,4.755
97,9230.9,1.1821,3.984434481,5.315
98,9268,1.0819,4.23329328,5.47
99,9305.1,1.0971,5.414273995,5.965
100,9342.3,1.1289,5.02258836,5.79
101,9381,1.0788,4.532814238,4.73
102,9420.1,1.2146,4.149514243,5.795
103,9460.8,1.126,4.547069272,5.61
104,9496.3,1.0657,4.935722999,7.165
105,9535.9,1.222,4.026186579,9.6
106,9572,1.1617,3.994146509,7.34
107,9611.6,0.9443,5.623212962,7.68
108,9652.1,1.0796,4.03853279,7.135
109,9690.8,0.9714,4.11776817,7.145
110,9726.8,0.9718,4.342457296,3.66
111,9764.6,0.9958,4.810202852,3.295
112,9805,0.8829,4.371956054,1.225
113,9843.7,0.9174,3.782428603,0.4725
114,9880.7,,,
115,9919.5,,,
116,9958.7,,,
117,9996.7,,,
118,10033.2,,,3.4
119,10073.6,,,1.6
120,10112.6,,,1.8
121,10149.7,,,1.7
122,10188.7,,,3.045
123,10225.9,1.3619,3.296864674,4.23
124,10267.4,1.145,3.930131004,6.21
125,10302.8,1.2724,3.929581892,4.93
126,10343.3,1.1457,3.910273195,5.69
127,10381.1,1.3243,4.553348939,5.165
128,10417.9,1.2783,4.146131581,4.93
129,10458.8,1.3338,4.565901934,3.29
130,10495,1.406,5.590327169,4.045
131,10535.5,1.428,5.910364146,2.365
132,10573.4,1.2612,5.85949889,2.165
133,10613.8,1.4536,4.898183819,2.97
134,10653.2,1.285,6.443579767,3.485
135,10693.2,1.1716,5.035848412,4.09
136,10732.1,1.249,5.332265813,4.8
137,10772.2,1.2335,5.326307256,4.63
138,10813,1.1854,6.386030032,4.635
139,10852.7,0.9997,6.591977593,3.82
140,10892.4,0.9326,5.629423118,2.79
141,10932.6,1.1845,5.487547488,2.49
142,10972.6,1.0108,6.806489909,2.45
143,11011.9,0.9955,5.414364641,2.505
144,11052.4,0.9368,3.245089667,2.635
145,11093.3,1.1777,3.158699159,1.9
146,11131.9,,,0.7
147,11171.9,1.0626,2.785620177,0.6325
148,11212.2,1.0405,4.084574724,0.61
149,11252,1.0397,3.385591998,0.4905
150,11292.9,1.0693,4.180304872,0.871
151,11418.7,1.0452,4.037504784,1.89
152,11544.8,1.3321,3.393138653,1.56
153,11672.7,1.1723,4.367482726,2.35
154,11797.7,1.0895,4.130335016,3.935
155,11923.6,1.26,4.063492063,6.42
156,12050.2,1.1786,4.708976752,14.4
157,12177.9,1.1755,5.163760102,6.3
158,12303.3,1.0084,4.670765569,2.52
159,12430.5,1.065,3.314553991,1.26
160,12556.3,0.9042,3.074541031,0.61465
161,12682.7,0.8131,4.587381626,1.447985
162,12810.9,1.1977,2.41295817,2.77
163,12936.9,0.9025,2.891966759,2.475
164,13062.5,0.9638,2.863664661,4.025
165,13189.2,1.0083,3.203411683,3.01
166,13316.9,0.9331,5.96934948,4.205
167,13442.5,0.9176,4.206625981,5.365
168,13568.5,1.3002,2.068912475,6.39
169,13696.2,1.3113,2.653854953,6.655
170,13823.7,1.3178,2.071634542,7.805
171,13948.2,1.2461,2.255035711,7.475
172,14072.4,1.1604,2.257842123,8.165
173,14196.6,1.0966,2.553346708,7.295
174,14321.8,1.1064,3.45263919,6.855
175,14444.2,0.9381,3.261912376,8.325
176,14568.3,1.2421,2.890266484,6.23
177,14692.7,1.2668,2.691821913,7.205
178,14816.1,1.3438,2.120851317,4.76
179,14939.9,1.5219,2.595439911,3.3885
180,15065.8,1.2613,3.512249267,3.36
181,15189.9,1.2171,3.081094405,3.755
182,15312,0.9863,3.791949711,3.49
183,15437.9,1.2539,3.517026876,2.775
184,15560.4,1.0806,2.470849528,5.58
185,15684.6,1.3855,2.583904728,2.635
186,15810.1,1.6352,3.369618395,8.65
187,15933.2,1.2454,2.794282961,5.105
188,16057,1.1766,4.13054564,5.005
189,16181.1,1.2644,3.385004745,5.555
190,16305.1,1.1795,4.02713014,6.6
191,16430.1,1.3378,4.051427717,6.25
192,16554.8,1.2396,4.122297515,5.8
193,16680.4,1.3132,4.713676515,6.3
194,16802.1,1.0779,3.83152426,4.66
195,16925.6,1.31,3.603053435,7.1
196,17051.6,1.5238,3.537209608,5.265
197,17176.2,1.4307,3.921157475,3.14
198,17301.6,1.072,3.320895522,3.735
199,17423.1,1.2829,3.039987528,5.56
200,17551.1,1.2791,2.697208975,6.47
201,17677,1.2247,3.617212379,4.945
202,17805.1,1.5636,3.02507035,3.505
203,17932.7,,,3.285
204,18061.8,1.1838,2.889001521,5.02
205,18188.6,1.0931,2.744488153,4.835
206,18315.9,0.9403,4.126342657,5.615
207,18444,1.1589,2.821641211,5.975
208,18571.8,1.3016,4.502151199,6.91
209,18700.8,1.2348,3.053126012,6.24
210,18827.8,1.1413,3.653728205,6.63
211,18954.3,1.4678,4.850797111,5.81
212,19082.9,1.4388,4.614956909,6.98
213,19212.1,1.2361,4.384758515,6.165
214,19340.6,1.4161,4.05338606,6.755
215,19470.3,1.0806,3.757171942,6.58
216,19599.6,1.2171,3.270068195,5.815
217,19724.7,0.9335,2.978039636,5.625
218,19855.6,1.2141,3.525245037,7.52
219,19982.9,1.3143,3.393441376,6.84
220,20112,1.204,4.227574751,7.645
221,20240.6,1.3247,4.853929192,7.66
222,20370.2,1.2376,4.815772463,6.99
223,20499.3,1.3051,3.746839323,7.81
224,20628.6,1.2179,5.000410543,9.07
225,20756.2,1.1383,2.811209699,7.96
226,20886.2,0.0482,4.202266783,6.795
227,21015.1,0.0437,3.827290243,4.94
228,21143.6,0.0512,4.553539666,4.245
229,21273.7,0.0588,5.737704918,4.11
230,21403.8,0.0574,4.139622097,3.605
231,21532.1,1.2624,4.499366286,4.48
232,21659.7,1.3831,2.65345962,4.525
233,21790.5,1.3699,3.890794949,4.82
234,21919.8,1.0412,2.420284287,3.63755
235,22046.7,1.2373,2.327648913,4.335
236,22177.2,1.092,2.380952381,5.325
237,22307.9,1.2515,2.213343987,3.585
238,22436,1.066,3.92120075,5.76
239,22565.2,0.8776,4.181859617,4.04
240,22692.6,1.0007,6.235635055,2.117
241,22823.7,1.0402,5.441261296,1.991
242,22952.6,0.984,7.632113821,1.8015
243,23082.7,1.0512,7.610350076,2.46
244,23210.5,1.0953,6.737880033,2.155
245,23340.8,0.9916,6.746672045,2.38
246,23470.6,0.9776,7.815057283,2.39
247,23598.3,1.0758,7.306190742,2.96
248,23727.1,0.9549,8.451146717,3.585
249,23856.4,1.3243,5.534999622,3.73
250,23984.6,1.0571,8.154384637,3.56
251,24032,0.8904,6.367924528,4.73
252,24080,0.9223,8.099316925,4.16
253,24125.7,1.164,5.274914089,3.33
254,24172.2,0.8354,9.001675844,2.99
255,24216.2,0.9828,7.356532357,3.085
256,24263.9,0.7731,7.812702108,0.2075
257,24310.6,1.166,7.289879931,2.315
258,24356.2,0.7103,8.996198789,2.1935
259,24403.6,1.2189,8.343588481,2.03915
260,24451.1,1.034,7.311411992,2.779
261,24496.7,0.7002,10.22564981,3.276
262,24543.7,1.0849,9.632224168,4.55
263,24590.3,0.959,6.69447341,3.88
264,24636.9,0.8105,4.750154226,3.805
265,24683.2,0.8959,8.159392789,3.435
266,24729.4,0.8973,4.60269698,2.6
267,24776.1,0.8754,7.28809687,1.975
268,24822.7,1.0124,7.0525484,1.765
269,24868.4,0.7518,8.898643256,0.83
270,24914.3,0.7986,9.040821438,0.722
271,24960.3,0.828,10.60386473,1.22
272,25006.7,0.9142,9.33056224,
273,25053,0.6444,8.116076971,
274,25101.5,,,
275,25147.9,,,10.8
276,25193.7,,,9.65
277,25238.4,,,19.5
278,25286,0.4902,11.91350469,22.1
279,25332.2,0.651,12.38095238,19.3
280,25378.8,0.5916,12.76200135,20.5
281,25427.2,0.7292,13.19253977,20.65
282,25473.8,0.8397,13.31427891,20.25
283,25520.2,0.6933,11.27938843,19.3
284,25567.1,0.6832,11.92915691,19.5
285,25613.9,0.7687,12.80083257,28.7
286,25662.6,0.6006,12.28771229,69.75
287,25710.3,1.0173,11.73695075,56.7
288,25756.9,0.9039,11.98141387,46.6
289,25803.8,0.8306,12.7618589,59.2
290,25850,0.894,13.27740492,59.05
291,25897,0.8211,12.75118743,75.55
292,25944.2,0.7729,13.18411179,100.55
293,25990.9,0.8728,13.70302475,88.7
294,26036.5,0.777,14.42728443,47.1
295,26082.9,0.8987,14.4097029,25.25
296,26128.1,0.8039,13.1608409,47.4
297,26176.1,0.9023,13.25501496,54.3
298,26222,0.8645,12.63157895,42.9
299,26268.5,0.8379,13.37868481,63.25
300,26315.9,0.6916,12.70965876,77.45
301,26351.7,0.7805,11.50544523,66.85
302,26387.1,0.6129,14.21112743,37.1
303,26424.1,0.6382,14.77593231,25.85
304,26460.9,0.6634,13.7775098,21.45
305,26497.9,0.6683,14.12539279,16.7
306,26534.7,0.7704,11.95482866,13.25
307,26569.8,0.8068,12.0104115,19.1
308,26605.3,0.7471,12.08673538,19.4
309,26642.6,0.5377,11.51199554,12.05
310,26680.1,0.7307,13.08334474,11.75
311,26716.7,0.8791,13.0019338,9.8
312,26752.8,0.6934,12.66224401,12.55
313,26789,0.8279,15.19507187,11.15
314,26824.8,0.6493,14.43092561,11.35
315,26862.4,0.6567,14.19217299,11.75
316,26899,0.7554,13.86020651,10.6
317,26935.5,0.6162,15.33592989,10.05
318,26972,0.5764,14.88549618,9.55
319,27008.3,0.7197,15.03404196,9.25
320,27045.8,0.7153,17.32140361,8.6
321,27081.8,0.6573,14.95511943,8.35
322,27117.8,0.6457,16.15301223,7.95
323,27154.7,0.6116,18.11641596,9.25
324,27191.3,0.5654,15.1220375,9.25
325,27227.5,0.4041,17.64414749,8.1
326,27264.5,0.7036,18.27743036,7.45
327,27301,0.5168,17.5503096,5.375
328,27336.7,0.5268,17.25512528,7.3
329,27373.9,0.5359,19.03340175,7.75
330,27410.6,0.6407,17.29358514,7
331,27447.6,0.6262,17.5023954,7.35
332,27483.6,0.5208,17.99155146,6.7
333,27519.6,0.6012,19.96007984,5.93
334,27556.9,0.4446,19.34322987,5.23
335,27593.7,0.4806,18.2480233,5.14
336,27629.9,0.429,19.20745921,4.87
337,27666.7,0.4321,22.84900285,5.46
338,27702.7,0.4104,18.94640959,5.475
339,27738.6,0.5621,17.71133708,5.95
340,27775.4,0.5733,17.19359613,5.895
341,27812.4,0.6324,22.00066467,5.375
342,27849.1,0.4007,20.64458637,6.18
343,27885.2,0.6698,16.88113783,7.65
344,27921.6,0.6392,16.08260325,7.55
345,27957.4,0.5125,15.68780488,7.55
346,27994.6,0.4723,18.12407368,7.035
347,28030.8,0.4193,18.03005008,5.585
348,28067.8,0.4768,18.2466443,5.885
349,28103.5,0.4937,20.55904395,5.845
350,28140.1,0.4906,17.42763962,4.355
351,28172,0.3998,17.28364182,4.895
352,28204.6,0.7299,15.85148651,3.945
353,28237.3,0.479,18.62212944,4.32
354,28268.7,0.4708,17.24723874,5.325
355,28301.8,0.4343,19.27239236,5.59
356,28333.5,0.3961,18.00050492,5.98
357,28366,0.7484,16.40833779,5.56
358,28398.1,0.7365,15.0712831,5.77
359,28429.8,0.6062,14.53315737,6.45
360,28462.2,0.5921,14.91302145,6.55
361,28494.5,0.7269,15.68303756,5.325
362,28528.3,0.6701,17.86300552,6.7
363,28559.2,0.614,16.90553746,5.875
364,28591,0.6851,20.58870581,5.555
365,28624.5,0.4317,20.67503392,5.6
366,28656.8,0.4238,18.21987905,7.65
367,28687.9,0.4261,14.3862943,6.005
368,28720,0.7737,12.95075611,6.6
369,28752.4,0.5324,15.08264463,5.395
370,28784.8,0.5141,15.96965571,3.56
371,28817.3,0.513,16.41325536,4.38
372,28849.6,0.4488,15.24064171,3.63
373,28882.3,0.6281,15.36379557,4.53
374,28913.7,0.5098,16.73205179,5.105
375,28946.1,0.6153,16.41475703,4.67
376,28977.7,0.6141,15.89317701,5.94
377,29010.4,0.4195,16.75804529,3.77
378,29042.7,0.5885,17.45114698,4.13
379,29074.6,0.4909,13.26135669,5.365
380,29107,0.6329,10.82319482,4.595
381,29140.4,0.727,13.9477304,3.98
382,29172.4,0.4682,14.86544212,3.955
383,29205.2,0.6917,13.45959231,3.44
384,29237.9,0.625,13.568,4.475
385,29270.6,0.625,19.152,3.895
386,29303.9,0.6379,17.60464023,3.94
387,29336.7,0.5563,12.65504224,4.85
388,29369.6,0.5699,11.31777505,4.64
389,29402.4,0.7717,10.43151484,4.355
390,29435.9,0.372,11.61290323,4.035
391,29468.9,0.4313,12.54347322,4.08
392,29501.9,0.4863,12.6465145,2.735
393,29534.9,0.4707,13.10813682,3.335
394,29568.5,0.4061,16.42452598,5.105
395,29601,0.455,16.21978022,5.76
396,29634.7,0.5923,13.87810231,5.03
397,29668.6,0.5372,15.28294862,4.115
398,29702.5,0.4744,15.36677909,4.54
399,29735.8,0.5295,14.57979226,4.255
400,29769.7,0.5802,13.70217166,4.235
401,29787,0.5785,14.24373379,4.94
402,29803.8,0.5795,13.21829163,5.265
403,29821.3,0.3263,13.57646338,4.135
404,29838.9,0.5278,13.71731717,2.97
405,29856.4,0.4868,12.94165982,3.885
406,29874.1,0.6715,12.40506329,2.615
407,29891.5,0.5361,11.47174035,3.4
408,29909.1,0.6514,11.29874117,3.24
409,29926.6,0.5075,14.87684729,2.95
410,29944.3,0.5145,15.31584062,3.045
411,29962,0.4943,14.62674489,2.165
412,29979.4,0.4947,14.85748939,1.763
413,29997,0.5678,14.15991546,1.2
414,30014.8,0.5739,12.17982227,1.05
415,30032.5,0.6422,11.22703208,1.69
416,30050.5,0.7237,12.57427111,2.92
417,30068,0.614,12.65472313,1.565
418,30085.6,0.6167,13.2317172,1.645
419,30102.6,0.6753,12.74988894,1.805
420,30120.3,0.5704,12.41234222,1.1
421,30137.8,,,
422,30155.9,,,
423,30173.5,,,
424,30191.2,,,
425,30208.6,,,
426,30226.2,,,
427,30243.7,,,
428,30261.6,,,
429,30278.9,0.4498,14.42863495,
430,30296.7,0.4412,15.27651859,9.58
431,30314.5,0.5324,12.92261458,10.9
432,30332,0.3828,13.58411703,11.5
433,30349.5,0.355,14.36619718,8.93
434,30367.1,0.5047,15.27640182,4.74
435,30384.6,0.4918,14.82309882,10.8
436,30402.1,0.4202,14.20752023,10.4
437,30419.7,0.5611,13.90126537,8.52
438,30437.3,0.444,13.49099099,9.43
439,30454.9,0.3886,13.69016984,5.795
440,30472.3,0.5435,14.75620975,5.41
441,30490,0.5704,15.63814867,5.405
442,30507.4,0.4981,14.93675969,5.13
443,30524.8,0.4382,15.13007759,5.77
444,30542.1,0.3803,15.22482251,5.995
445,30559.3,0.5517,16.27696212,5.975
446,30576.8,0.4564,14.57055215,5.55
447,30594.7,0.4044,14.61424332,5.525
448,30612.2,0.4927,15.34402273,5.835
449,30629.7,0.4449,15.10451787,5.22
450,30647,0.6384,14.44235589,5.79
451,30658.4,0.4905,13.86340469,5.85
452,30669.5,0.5045,13.28047572,5.46
453,30681.1,0.4422,14.4278607,5.12
454,30692.6,0.4899,12.51275771,5.91
455,30704,0.4064,14.71456693,6.385
456,30715.4,0.5091,12.47299155,7.25
457,30726.8,0.5555,11.64716472,6.85
458,30738.3,0.5037,13.30156839,6.95
459,30749.7,0.6201,13.51394936,5.74
460,30760.8,0.5836,11.97738177,6.28
461,30771.9,0.418,14.59330144,5.575
462,30783.2,0.5882,14.72288337,5.785
463,30794.7,0.406,15.07389163,7.3
464,30805.6,0.5109,15.5412018,6.8
465,30817.3,0.5514,15.85056221,5.5
466,30828.2,0.552,16.57608696,5.61
467,30839.4,0.4609,15.92536342,6.33
468,30850.8,0.483,14.22360248,5.445
469,30862,0.4641,15.92329239,5.27
470,30873.4,0.4473,15.91772859,5.335
471,30884.3,0.5983,15.19304697,5.26
472,30895.6,0.5371,15.50921616,5.52
473,30906.5,0.4756,16.25315391,5.91
474,30917.9,0.5641,15.36961532,4.995
475,30928,0.4054,15.44153922,5.105
476,30939.4,0.5182,15.30297183,5.99
477,30950.4,0.488,14.26229508,5.37
478,30961.5,0.5203,15.35652508,5.615
479,30972.7,0.4391,14.52971988,4.65
480,30983.2,0.5206,15.52055321,4.495
481,30994.4,0.6143,15.79033046,4.65
482,31005.6,0.5807,16.61787498,4.435
483,31016.6,0.5295,17.39376771,4.375
484,31027.3,0.5872,16.62125341,4.17
485,31038.4,0.5284,18.79258138,5.025
486,31049.2,0.5261,18.41855161,4.335
487,31061,0.544,17.35294118,4.03
488,31071,0.5188,18.98612182,4.47
489,31082.1,0.6239,18.94534381,3.455
490,31093.4,0.5109,18.59463692,3.8
491,31104.3,0.4348,17.96228151,3.73
492,31115.4,0.2726,18.48862803,4.93
493,31126,0.5595,18.44504021,5.81
494,31136.8,0.5425,17.2718894,6.365
495,31148.5,0.5366,17.55497577,6.58
496,31159.1,0.6716,18.28469327,6.27
497,31169.7,0.5103,19.02802273,5.69
498,31181.2,0.8396,17.34159123,5.55
499,31192.4,0.5653,17.65434283,4.68
500,31203.9,0.4707,18.24941576,3.905
501,31216.4,0.514,18.48249027,4.755
502,31230.4,0.5042,18.46489488,5.265
503,31243.6,0.4356,19.94949495,3.98
504,31256.5,0.3998,20.51025513,4.04
505,31270.4,0.4739,20.44735176,4.48
506,31284,0.6595,20.015163,4.445
507,31297.4,0.4865,18.70503597,4.195
508,31311,0.6085,17.63352506,4.17
509,31324,0.3261,11.49954002,3.8
510,31337.4,0.7492,11.98611853,4.01
511,31351.3,0.6175,13.05263158,3.675
512,31364.1,0.7189,13.24245375,3.32
513,31377.6,0.3707,13.83868357,3.75
514,31390.1,0.4755,13.98527865,3.895
515,31402.5,0.5298,14.7602869,3.16
516,31416,0.451,15.32150776,2.755
517,31428.1,0.4149,16.63051338,2.585
518,31441.2,0.4945,15.53083923,3.42
519,31454.5,0.4254,15.72637518,2.64
520,31466.9,0.5084,15.87332809,2.3
521,31480.5,0.4863,15.68990335,2.33
522,31493.8,0.4822,14.53753629,1.81
523,31506.1,0.4138,14.91058482,0.995
524,31519.2,0.5794,16.1373835,1.375
525,31532.8,0.4178,17.06558162,1.589
526,31545.6,0.4266,15.54149086,3.3
527,31558.1,0.4806,14.81481481,2.595
528,31571.6,0.5851,16.099812,2.66
529,31584.3,0.4114,14.7301896,2.255
530,31597.7,0.5291,14.55301455,2.04
531,31611.4,0.3669,15.45380213,2.795
532,31624.4,0.3535,16.43564356,3.3
533,31637.7,0.3415,17.04245974,3.97
534,31650.8,0.3822,15.25379383,3.62
535,31664.2,0.3912,15.23517382,2.78
536,31676.8,0.3861,17.01631702,2.09
537,31689.8,0.5271,21.72263328,2.4
538,31703.4,0.3512,21.26993166,2.495
539,31716.7,0.4109,22.24385495,2.26
540,31730.1,0.402,22.08955224,1.81
541,31743.4,0.5439,21.45615003,1.455
542,31757.4,0.3129,22.43528284,1.035
543,31770.2,0.4878,22.28372284,1.46
544,31784,0.4864,20.84703947,1.07
545,31797.3,0.1059,19.91724657,1.015
546,31810.2,0.1143,18.79625062,0.795
547,31822.9,0.1165,19.89752348,0.94
548,31836.3,0.5259,20.003803,2.365
549,31848.8,0.4068,23.64798427,2.095
550,31862.2,0.5636,22.87083038,2.7
551,31907.1,0.4482,25.4573851,1.3
552,31951.9,0.3994,25.86379569,3.73
553,31995.9,0.4252,25.96425212,3.33
554,32040,0.4565,25.43263965,5
555,32085.1,0.5904,26.94783198,5.375
556,32129.2,0.482,24.06639004,5.265
557,32172.7,0.4967,22.44815784,4.6
558,32218.3,0.6584,19.79040097,3.92
559,32262.7,0.4422,24.01628223,3.745
560,32307.8,0.4874,20.88633566,5.58
561,32352.2,0.5308,24.22758101,4.71
562,32396.6,0.5504,25.09084302,4.475
563,32440.1,0.5778,20.68189685,4.175
564,32484.2,0.4957,21.68650393,5.34
565,32529.7,0.473,22.09302326,4.305
566,32574.1,0.432,21.43518519,4.845
567,32619.2,0.3891,21.61398098,4.95
568,32664.2,0.3386,21.61842882,5.21
569,32708.2,0.3639,21.90162132,4.955
570,32752.9,0.4144,19.69111969,5.61
571,32798.4,0.3447,20.27850305,4.775
572,32843,0.4159,21.30319788,4.685
573,32887.2,0.3585,21.42259414,5.075
574,32932.1,0.5205,21.21037464,5.715
575,32976.5,0.3635,20.66024759,5.195
576,33022.7,0.3286,19.5982958,5.235
577,33065.9,0.4984,20.72632424,5.7
578,33111.1,0.37,19.97297297,5.6
579,33155.5,0.426,19.81220657,5.745
580,33199.3,0.3204,20.41198502,2.7
581,33242,0.4639,20.80189696,2.2
582,33284.7,0.4249,21.98164274,4.785
583,33327.8,0.4145,20.24125452,5.025
584,33371.7,0.3982,18.96032145,5.385
585,33415.9,0.3908,20.62436029,5.34
586,33459,0.3718,20.68316299,5.15
587,33502.6,0.4184,21.74952199,4.68
588,33545.5,0.435,21.6091954,4.33
589,33587.6,0.4279,21.54709044,5.675
590,33631.7,0.5055,21.74085064,5.125
591,33673.8,0.5048,22.54358162,3.69
592,33716.7,0.5,23.06,4.385
593,33759.7,0.5015,24.02791625,4.695
594,33803.5,0.413,24.93946731,4.79
595,33846.5,0.4585,24.44929117,5.135
596,33890.1,0.4759,23.59739441,5.9
597,33932.4,0.4813,24.64159568,5.55
598,33974.7,0.5242,26.59290347,5.07
599,34017.5,0.4394,24.60172963,4.746666667
600,34060,0.3888,25.02572016,3.786666667
601,34106.6,0.4436,24.79711452,4.23
602,34152.3,0.439,24.37357631,4.193333333
603,34195.9,0.4757,22.66134118,3.916666667
604,34240,0.4431,21.64296998,3.903333333
605,34284.5,0.4781,23.71888726,3.646666667
606,34329.2,0.3655,23.50205198,4.033333333
607,34374.4,0.423,28.53427896,4.02
608,34421,0.4315,24.10196987,4.08
609,34465.4,0.4139,24.11210437,3.463333333
610,34510.2,0.3839,22.8184423,3.66
611,34556.4,0.4002,24.63768116,3.3
612,34601.1,0.4125,22.25454545,4.293333333
613,34645.6,0.5832,19.20438957,3.643333333
614,34690.9,0.4838,19.7602315,3.866666667
615,34736.1,0.4964,20.62852538,3.776666667
616,34782.8,0.5268,20.48215642,3.953333333
617,34827.2,0.4776,19.89112228,4.4
618,34872.3,0.345,25.73913043,3.91
619,34918.2,0.4882,19.88938959,4.973333333
620,34962.4,0.4992,18.62980769,5.8
621,35006.5,0.484,20.02066116,5.746666667
622,35052.5,0.43,20.97674419,5.603333333
623,35099.3,0.4904,20.41190865,5.45
624,35144.7,0.4836,19.47890819,5.44
625,35189.8,0.4762,20.49559009,5.416666667
626,35235.7,0.4297,20.96811729,5.013333333
627,35280.1,0.4955,21.23107972,4.993333333
628,35323.2,0.4977,20.55455093,5.2
629,35369.6,0.4116,21.30709427,4.913333333
630,35415.4,0.5054,21.17134943,4.443333333
631,35460.3,0.5106,19.05601253,4.26
632,35506.9,0.4623,18.77568678,4.5
633,35552.5,0.5128,20.08580343,4.126666667
634,35596,0.4773,20.38550178,4.193333333
635,35640.9,0.4623,23.31819165,3.99
636,35685.6,0.486,23.66255144,3.376666667
637,35731.6,0.4478,21.81777579,3.393333333
638,35778.6,0.4465,23.85218365,3.176666667
639,35823.4,0.426,25,3.253333333
640,35867.5,0.3823,24.9019095,2.303333333
641,35913.3,0.4352,24.95404412,2.363333333
642,35958.1,0.4359,24.73044276,2.926666667
643,36003.4,0.4284,23.80952381,3.156666667
644,36049.4,0.4577,20.8214988,2.626666667
645,36094.6,0.4788,23.32915622,2.396666667
646,36140.1,0.483,20.93167702,2.476666667
647,36183.2,0.5029,20.50109366,2.056666667
648,36228.5,0.4423,22.56387068,1.193333333
649,36273.8,0.38505,22.99949777,0.422833333
650,36316.9,0.5322,19.72942503,0.984333333
651,36360.8,0.2664,20.4954955,1.161333333
652,36404.7,0.3098,22.40154939,3.245
653,36448.9,0.3954,20.43500253,1.3755
654,36494.8,,,
655,36539.8,,,4.0104
656,36584.2,0.3461,20.19647501,3.65
657,36626.9,0.3446,21.12594312,2.83
658,36672.6,0.3246,21.34935305,2.13
659,36717.4,0.2801,21.92074259,2.085
660,36760.5,0.3604,22.03107658,3.08885
661,36806.4,0.369,22.54742547,2.965
662,36850,0.3474,22.79792746,2.88
663,36895.6,0.3494,23.64052662,3.15
664,36938.7,0.294,23.87755102,2.6675
665,36983.2,0.4708,23.3220051,2.21
666,37027.9,0.5646,22.67091746,2.71
667,37072.3,0.3612,25.27685493,2.16805
668,37116,0.3216,25.03109453,1.61
669,37160.9,0.4295,25.00582072,1.44
670,37204.5,0.4149,24.56013497,1.64
671,37248.6,0.4044,24.40652819,1.68
672,37294.4,0.3754,24.10761854,1.655
673,37338.5,0.5558,22.13026268,2.03785
674,37382.9,0.5918,22.82865833,2.055
675,37428,0.2572,23.71695179,2.9842
676,37470.9,0.5434,21.97276408,1.64
677,37516.1,0.5002,21.07157137,1.705
678,37561,0.5177,22.42611551,2.225
679,37606.2,0.4744,22.11214165,2.13
680,37648.5,0.5705,18.08939527,1.865
681,37693.1,0.5754,21.22002086,2.11
682,37736.9,0.5583,21.20723625,2.25
683,37781.8,0.5883,25.17423083,2.376666667
684,37828,0.4915,20.89521872,2.596666667
685,37873.2,0.4845,20.02063983,2.446666667
686,37917.2,0.5494,20.09464871,1.643333333
687,37962.2,0.5402,19.95557201,1.313333333
688,38005.9,0.49,19.2244898,1.603333333
689,38050.9,0.448,18.59375,1.172333333
690,38094.2,0.4862,21.63718634,1.405666667
691,38138.4,0.3763,23.22614935,0.473666667
692,38183,0.5291,21.09242109,-0.038
693,38227.7,0.3792,27.18881857,0.461333333
694,38271.6,0.4498,26.36727434,0.649333333
695,38315.2,0.3207,24.72715934,0.791666667
696,38358,0.449,24.14253898,1.965333333
697,38401.7,0.7828,11.11394992,2.306666667
698,38445.9,0.9073,7.505786399,2.67
699,38488.2,0.614,11.74267101,2.4398
700,38532,0.5352,14.16292975,1.543333333
701,38574.2,0.4566,16.29434954,2.28
702,38615.1,0.5341,15.03463771,1.78
703,38656.1,0.1889,16.94017999,2.013333333
704,38698.6,0.4353,15.71330117,1.326666667
705,38741,0.3495,16.4806867,1.426666667
706,38782.8,,,1.8
707,38823.1,,,2.2
708,38865.8,,,1.9
709,38908.9,,,2
710,38952,,,2.6
711,38993.3,,,2.2
712,39035.2,,,2.2
713,39077.4,,,2.3
714,39120.8,,,2.2
715,39163.5,,,2.2
716,39206.2,,,2.6
717,39250.5,0.6736,7.482185273,6.095
718,39293.3,0.7213,9.621516706,4.75
719,39336,0.5907,10.5298798,4.12
720,39377.5,0.6428,12.36776602,3.335
721,39420.9,0.5855,14.70538002,3.71
722,39463.5,0.4987,22.6589,3.135
723,39507.5,0.5527,23.1409,3.125
724,39551.4,0.5521,21.7533,3.22
725,39592.9,0.3959,15.93836827,2.665
726,39636.1,0.6395,17.85770133,3.18
727,39678.7,0.4415,20.77010193,3.015
728,39720.5,0.2893,20.11752506,2.915
729,39765.3,0.4152,20.73699422,3.11
730,39808.1,0.4586,20.21369385,3.47
731,39850.3,0.5384,18.23922734,2.3475
732,39892.9,,,2.26375
733,39936.5,,,2.87
734,39979.3,0.3946,15.5347187,2.64
735,40023.1,0.4063,17.49938469,1.8635
736,40064.4,0.3771,17.34287987,3.3725
737,40107,0.4351,13.85888302,2.7975
738,40150.9,0.5411,16.0783589,3.3375
739,40193.2,0.5682,14.02675114,3.295
740,40234.9,0.5689,14.43135876,2.77
741,40277.4,0.4821,13.44119477,2.09
742,40320.3,0.4814,14.25010386,1.8325
743,40362.5,0.6074,11.37635825,1.9525
744,40404.5,0.5152,14.59627329,1.7875
745,40447.3,0.4145,17.75633293,1.6825
746,40490,0.4293,17.02771954,1.77275
747,40533,0.424,16.03773585,2.0975
748,40573.9,0.4818,14.92320465,2.4775
749,40616.1,0.4298,14.77431363,2.6425
750,40656.9,0.4133,17.95306073,3.125
751,40712.2,0.4172,17.54554171,2.78
752,40766.5,0.4013,18.21579865,2.525
753,40821.6,0.3766,18.64046734,2.3075
754,40875.7,0.3696,19.53463203,2.3575
755,40930.1,0.36729,18.59566011,2.1975
756,40984.4,0.4068,16.20350577,2.59
757,41040.2,0.3385,21.07750473,1.88
758,41094.9,0.3468,20.89253552,1.58
759,41151.7,0.3687,22.95582707,2.83
760,41206.7,0.3486,22.4247949,3.56
761,41263.4,0.4169,21.83353438,3.83
762,41318.2,0.3612,18.31218974,4.325
763,41374.2,0.3959,17.65597373,2.605
764,41430.4,0.5081,16.00078725,2.235
765,41486.2,0.4098,16.8374817,1.87
766,41541.3,0.495,18.66666667,2.45
767,41597.7,0.3913,17.02018911,2.365
768,41653,0.3852,17.57528557,2.625
769,41710,0.3733,19.66246986,2.23
770,41764.8,0.4545,18.23982398,1.5
771,41820.1,0.3341,19.27566597,1.62
772,41876.5,0.4808,15.78618968,0.987
773,41931.2,0.3956,16.88574317,0.9075
774,41987,0.3448,23.49187935,1.0855
775,42042.7,0.38265,23.75316763,1.53
776,42098.6,0.3762,23.75051669,1.765
777,42155.8,0.42095,24.86325795,1.52
778,42210.5,0.37385,23.48125735,1.61
779,42265.7,0.43965,21.89788011,1.873333333
780,42322.1,0.4075,22.68282152,1.72
781,42378,0.45445,22.91291874,1.616666667
782,42433.4,0.4906,17.86958446,2.15
783,42488.4,0.53495,16.64057393,2.646666667
784,42544.6,0.4366,18.08190843,2.73
785,42599.5,0.57555,17.68934652,2.266666667
786,42654.5,0.60115,17.21924841,2.056666667
787,42709.6,0.5415,16.81998574,1.713333333
788,42764.7,0.5368,16.90663996,1.452666667
789,42819.9,0.4675,18.21051874,1.483333333
790,42875.4,0.57035,19.04310223,1.916666667
791,42929.7,0.43825,18.09975367,1.916666667
792,42983.6,0.44505,17.74529153,2.766666667
793,43038,0.4317,19.13553581,2.053333333
794,43092.2,0.50555,20.55076087,2.426666667
795,43149.4,0.4355,18.8075485,2.243333333
796,43202.7,0.53785,19.77650546,2.29
797,43258,0.53245,19.62903294,1.56
798,43312.7,0.6181,19.22395129,2.11
799,43368.2,0.62655,17.98309661,2.383333333
800,43423.5,0.47395,19.59779411,1.8
801,43473.1,0.4771,20.7332887,1.92
802,43520.1,0.52295,20.95834829,1.163333333
803,43568.2,0.46795,20.25128156,1.753333333
804,43616.8,0.5084,21.51678278,1.49
805,43665.4,0.493,21.42420893,1.84
806,43712.4,0.68015,21.76204091,1.74
807,43761.7,0.45495,21.25108399,2.05
808,43810.1,0.65985,18.37594358,2.14
809,43859.8,0.53335,19.32720618,2.166666667
810,43909.4,0.61115,20.9288344,2.11
811,43960.6,0.5403,20.90460094,1.556666667
812,44010.8,0.50805,21.19266008,1.603333333
813,44061.2,0.44205,22.68720612,1.56
814,44110,0.4689,23.02388374,1.453333333
815,44160.8,0.5132,21.55109968,1.473333333
816,44211.6,0.47545,22.2010838,1.009666667
817,44261.4,0.5001,20.82243594,1.646666667
818,44311.8,0.4915,21.40384415,1.34
819,44362.1,0.4456,22.28769606,0.7902
820,44412.7,0.4797,22.59404219,1.273333333
821,44462.6,0.43625,21.24034951,1.126666667
822,44513.3,0.49715,21.68488108,1.056666667
823,44562.6,0.49755,23.32194978,0.923333333
824,44613.3,0.4738,25.59545107,1.033333333
825,44663.2,0.47285,25.23623432,1
826,44713.2,0.38915,25.14846866,1.006666667
827,44765.3,0.4223,22.94632897,1.05
828,44813.3,0.38145,24.42627224,0.6
829,44864.5,0.34845,23.71725628,0.3
830,44913.9,0.4553,24.07731304,
831,44963.8,0.3129,24.38478747,3.095
832,45013.1,0.3547,24.97885537,2.995
833,45060.9,0.3318,25.94936709,3.27
834,45111.4,0.3536,24.97171946,2.955
835,45160,0.3207,25.56906766,3.125
836,45209.9,0.3292,25.36452005,3.515
837,45258.3,0.3635,26.32737276,3.865
838,45306.3,0.388,25.6443299,3.915
839,45356.6,0.4226,20.08991955,4.07
840,45404.9,0.3521,24.11246805,4.71
841,45454.3,0.4386,24.41860465,4.126666667
842,45502.6,0.4637,24.28294156,3.356666667
843,45551.4,0.4607,24.35424354,3.48
844,45600.1,0.4264,26.47748593,3.693333333
845,45648.9,0.3681,22.60255365,4.4878
846,45697,0.3872,25.43904959,5.136866667
847,45746.1,0.4215,25.05338078,4.826666667
848,45794.2,0.3756,24.49414271,4.776666667
849,45841.8,0.41,27.6097561,4.596666667
850,45892,0.4129,26.27754904,5.196666667
851,45930.8,0.4397,24.74414373,4.873333333
852,45968.3,0.4256,25.44642857,4.303333333
853,46005.3,0.4264,27.41557223,3.99
854,46045.6,0.37745,21.0280011,4.723333333
855,46083.7,0.40095,21.8777251,5.483333333
856,46120.7,0.43545,19.53857461,5.92
857,46158.4,0.4012,20.90899185,5.683333333
858,46196.8,0.383835,21.45227077,6.153333333
859,46235.2,0.4154,18.19437595,5.87
860,46274.6,0.40705,18.68372027,6.46
861,46313.7,0.43865,18.50510158,6.12
862,46351.9,0.4139,16.59821213,5.563333333
863,46389.7,0.438,17.12328767,7.37
864,46427.7,0.3927,16.39928699,6.06
865,46465.2,0.3725,16.34899329,7.86
866,46503.6,0.3797,16.93442191,7.398533333
867,46542.6,0.3899,16.15798923,6.563333333
868,46581.4,0.4242,16.92597831,7.233333333
869,46619.1,0.4787,17.50574473,7.563333333
870,46656.7,0.5134,17.10167511,6.192433333
871,46695.3,0.344,17.38372093,6.06
872,46734.4,0.3294,17.03096539,5.39
873,46772.6,0.4183,16.51924456,4.896666667
874,46809.6,0.4281,17.26232189,4.45
875,46847.4,0.3438,17.91739383,4.62
876,46886,0.4526,16.99072028,5.27
877,46923.8,0.4895,16.87436159,5.986666667
878,46960.3,0.4526,17.49889527,5.6
879,46996.3,0.4641,16.95755225,4.99
880,47035.4,0.4734,16.70891424,7.18
881,47070.6,0.4525,17.12707182,5.463333333
882,47105.5,0.432,17.89351852,6.503333333
883,47143.3,0.4222,17.05352913,5.91
884,47180.1,0.5199,17.5803039,6.626666667
885,47217,0.4309,18.93710838,8.243333333
886,47253.2,0.4408,19.50998185,5.796666667
887,47289.3,0.4733,18.48721741,6.145366667
888,47327.8,0.5294,16.98148848,5.616666667
889,47364.8,0.4434,17.38836265,6.643333333
890,47400.5,0.4464,16.9578853,7.073333333
891,47436.7,0.4995,17.23723724,7.893333333
892,47474.6,0.4733,16.16311008,6.596666667
893,47508.2,0.4562,17.05392372,8.4
894,47547.4,0.4258,17.14419915,8.4
895,47585.3,0.4443,18.09588116,8.95
896,47621.7,0.4599,18.59099804,9.15
897,47657.9,0.4516,17.80336581,10.5
898,47691.4,0.4698,17.68837803,9.4
899,47729.9,0.4436,18.01172227,7.9
900,47767.1,0.5011,18.39952105,7.1
901,47805.3,0.4889,18.020045,6.6
902,47843.3,0.4949,18.67043847,5.99
903,47879.1,0.4563,18.89108043,6.35
904,47915.6,0.4336,18.61162362,5.825
905,47953.5,0.49,18.63265306,5.425
906,47990.1,0.495,19.13131313,7.65
907,48028.7,0.4426,17.01310438,7.1
908,48065.8,0.5224,17.22817764,7.776933333
909,48103.3,0.491,17.23014257,6.696666667
910,48139,0.4171,18.17309998,7.482366667
911,48175.6,0.5285,16.97256386,8.4463
912,48214.5,0.433,16.62817552,7.683333333
913,48253,0.488,18.29918033,7.3742
914,48289.7,0.4826,17.1363448,7.9661
915,48328.1,0.4511,16.16049656,8.284633333
916,48365.2,0.4987,16.02165631,7.6588
917,48401.9,0.467,16.72376874,6.665533333
918,48440.2,0.5081,15.05609132,5.34
919,48478.2,0.4632,14.07599309,5.073333333
920,48514.3,0.5576,15.47704448,4.92
921,48551,0.4924,16.38911454,4.183333333
922,48586.6,0.4721,17.24210972,3.393333333
923,48624.2,0.5125,16.70243902,5.205
924,48663,0.44655,18.57092066,6.36
925,48699,0.4179,19.81274281,5.18
926,48735.4,0.4327,23.52669286,6.18
927,48773.4,0.5369,21.15850251,4.87
928,48812.2,0.6111,19.11307478,3.16
929,48849,0.5022,21.54520112,4.43
930,48885.1,0.4688,23.48549488,4.04
931,48923.1,0.7163,23.1327656,3.46
932,48962.2,0.6617,23.37917485,3.66
933,48999.2,0.4638,23.35058215,3.54
934,49037.7,0.5556,22.46220302,3.16
935,49073.7,0.3714,24.25955843,3.69
936,49109,0.4641,23.09847016,3.31
937,49146.2,0.55,23.74545455,4.3193
938,49184.1,0.4566,23.60928603,4.32
939,49221,0.5631,22.67803232,4.47
940,49257,0.7255,19.68297726,4.02
941,49295.4,0.5541,19.50911388,2.59
942,49332.4,0.638,25.21943574,3.13
943,49370.8,0.4612,27.12489159,2.05
944,49406.6,0.4297,26.80940191,2.26
945,49444.3,0.4857,26.2095944,1.62
946,49481.6,0.3887,25.44378698,1.9023
947,49519.3,0.5567,24.57337884,1.58
948,49556.9,0.4974,22.47687977,1.39
949,49594,0.4289,21.98647703,1.66
950,49631.2,0.4729,27.93402411,
951,49668,0.6191,26.34469391,
952,49705.2,0.2458,28.27502034,
953,49743.6,,,
954,49778.8,,,
955,49816.9,,,
956,49852,,,
957,49889.1,,,
958,49925.7,,,
959,49963.7,,,
960,50000.3,,,
961,50035.6,,,
962,50073.9,,,
963,50112.5,,,
964,50149.7,,,
965,50186.2,,,
966,50222.5,,,
967,50258.6,,,
968,50296.4,,,
969,50333.6,,,
970,50370.4,,,
971,50407.6,,,
972,50445.2,,,
973,50481.7,,,
974,50518.6,,,
975,50557,,,
976,50592.3,,,
977,50627.5,,,
978,50665,,,
979,50703.4,,,
980,50740.5,,,
981,50776.5,,,
982,50813.2,,,
983,50850.2,,,
984,50886.2,,,
985,50924.8,,,
986,50961.3,,,
987,50994.7,,,
988,51032.6,,,
989,51069.8,,,
990,51104.8,,,
991,51141.2,,,
992,51172.3,,,
993,51209.6,,,
994,51244.8,,,
995,51281.4,,,
996,51315.7,,,
997,51350.4,,,
998,51385.9,,,
999,51422.6,,,
1000,51460.9,,,
1001,51495.6,,,
1002,51533.8,,,
1003,51573.8,,,
1004,51611.1,,,
1005,51649.5,,,
1006,51690.5,,,
1007,51727.6,,,
1008,51764.7,,,
1009,51802.9,,,
1010,51841.2,,,
1011,51876.9,,,
1012,51914.8,,,
1013,51952.6,,,
1014,51992.7,,,
1015,52032.1,,,
1016,52069.9,,,
1017,52108.2,,,
1018,52146,,,
1019,52184.3,,,
1020,52223.9,,,
1021,52264.9,,,
1022,52303,,,
1023,52341.5,,,
1024,52379.4,,,
1025,52417.3,,,
1026,52458.8,,,
1027,52498.5,,,
1028,52537.4,,,
1029,52575.9,,,
1030,52613.6,,,
1031,52651.2,,,
1032,52689.2,,,
1033,52726.6,,,
1034,52767.1,,,
1035,52804.6,,,
1036,52844.3,,,2.82
1037,52879.4,,,4.085
1038,52918.9,,,3.58
1039,52958.5,,,3.39
1040,52997.4,,,3.27
1041,53035.7,,,3.28
1042,53075.8,,,3.51
1043,53113,,,3.675
1044,53153.1,,,3.515
1045,53192,,,2.915
1046,53232.2,,,2.46
1047,53270.6,,,3.72
1048,53307.3,,,3.595
1049,53346.1,,,4.105
1050,53385.3,,,4.035
1051,53422.6,,,4.25
1052,53456.6,,,4.26
1053,53494.8,,,4.24
1054,53532.5,,,3.92
1055,53569.6,,,3.93
1056,53606.2,,,4.125
1057,53643.9,,,4.34
1058,53681,,,4.27
1059,53715.6,,,4.27
1060,53753.5,,,4.115
1061,53791.4,,,4.26
1062,53832.1,,,4.04
1063,53869.8,,,4.065
1064,53906.3,,,4.21
1065,53945.3,,,4.36
1066,53982.6,0.4059,19.24119241,4.085
1067,54020.1,0.4729,17.6147177,4.295
1068,54058.2,0.3984,18.14759036,4.21
1069,54095.7,0.362,17.12707182,4.57
1070,54132.5,0.6192,18.23320413,4.63
1071,54170.1,0.5459,19.12438175,4.81
1072,54208.7,0.5372,18.22412509,2.875
1073,54244.9,0.3885,17.19433719,4.52
1074,54281.4,0.5752,18.70653686,4.68
1075,54320.3,0.4399,23.09615822,3.78
1076,54359.6,0.4335,21.6378316,3.33
1077,54396.8,0.3231,22.77932529,3.14
1078,54434.5,0.4843,23.57001972,3.3
1079,54471.1,0.4145,23.45058626,3.46
1080,54507.4,0.5646,20.25978712,4.335
1081,54544.3,0.511,15.28375734,4.25
1082,54580.3,0.769,12.86085826,4.11
1083,54616.9,0.5396,13.32468495,4.77
1084,54655.7,0.6011,13.70820163,5.03
1085,54693.7,0.4322,15.29384544,4.91
1086,54730.8,0.5811,14.45534331,4.755
1087,54768.1,0.6149,14.31127013,4.405
1088,54806.4,0.5893,15.73052774,5.33
1089,54844.7,0.6035,13.28914664,4.61
1090,54881.1,0.8548,12.97379504,4.92
1091,54917.7,0.925,13.40540541,5.05
1092,54955,0.7109,13.51807568,4.825
1093,54992.4,0.6374,14.30812676,4.725
1094,55027.9,0.499,13.42685371,4.885
1095,55067.9,0.5656,16.30127298,4.965
1096,55107.1,0.5512,14.36865022,4.73
1097,55142.6,0.5808,12.5,4.955
1098,55179.3,0.3445,14.36865022,4.75
1099,55217.5,0.5589,15.78099839,4.88
1100,55251.4,0.5614,14.87353046,4.38
1101,55289,0.5963,14.97568338,4.125
1102,55326.8,0.6434,15.04507305,4.65
1103,55363.1,0.4473,15.42588867,5.08
1104,55399.8,0.4948,14.75343573,5.255
1105,55438.7,0.5284,18.18697956,4.99
1106,55477.4,0.4767,22.25718481,5
1107,55515,0.4986,23.76654633,3.735
1108,55552.5,0.3259,19.51518871,3.48
1109,55589.3,0.4427,16.01536029,3.69
1110,55624.2,0.518,13.18532819,3.92
1111,55660.8,0.3628,14.66372657,4.58
1112,55698.2,0.5265,13.46673019,4.34
1113,55734.6,,,5.25
1114,55772,0.5428,16.5404475,5.805
1115,55808,0.4469,19.8214611,4.775
1116,55847.2,0.508,18.03149606,4.405
1117,55884.5,0.5507,17.01470855,4.53
1118,55920.6,0.6096,18.40551181,4.925
1119,55956.5,0.5301,20.46783626,4.875
1120,55993.2,0.3828,27.6907001,4.09
1121,56032.9,0.3893,23.70922168,2.783333333
1122,56068.5,0.4472,15.58871481,3.433333333
1123,56105.3,0.6409,13.73924328,4.006666667
1124,56142.4,0.49115,14.17701567,3.3125
1125,56179.8,0.6989,15.36735196,4.316666667
1126,56216.6,0.7106,11.68027019,4.436666667
1127,56251.6,0.745,10.59060403,4.91
1128,56288.9,0.4642,11.37440758,3.36
1129,56325.9,0.5918,11.38898276,3.045
1130,56363.2,0.704,9.914772727,2.885
1131,56402.5,0.6535,10.1606733,2.275
1132,56438.7,0.4347,15.13687601,1.925
1133,56476.2,0.4889,17.01779505,2.995
1134,56512.3,0.681,15.53597651,3.47
1135,56549.8,0.7864,14.91607325,4.07
1136,56585.2,0.4366,18.96472744,3.94
1137,56621.6,0.5757,18.96821261,3.895
1138,56659,0.6192,18.8630491,3
1139,56694.3,0.5498,19.31611495,2.82
1140,56733.1,0.5333,18.37614851,3.535
1141,56768.9,0.7668,17.52738654,3.16
1142,56807.2,0.5812,18.04886442,3.61
1143,56843,0.6066,18.38114078,4.04
1144,56879.8,0.3724,16.46079484,4.245
1145,56916.1,0.4501,18.1293046,4.73
1146,56951.1,0.5699,20.67029303,4.535
1147,56989.8,0.5771,22.30116098,4.915
1148,57029.6,0.5918,24.9070632,4.73
1149,57067.8,0.5083,22.80149518,5.33
1150,57102.6,0.4708,20.87935429,3.085
1151,57139.8,0.6062,19.61398878,3.735
1152,57181.1,0.5577,15.43840775,3.365
1153,57217,0.7324,16.3025669,3.62
1154,57255.9,0.5151,15.39506892,3.745
1155,57291.4,0.5863,15.72573768,3.81
1156,57331.8,0.6287,14.26753619,3.995
1157,57369.8,0.6295,16.53693407,3.155
1158,57407.5,0.6354,17.8470255,3.54
1159,57443.9,0.5881,16.86787961,2.49
1160,57482.2,0.6579,18.02705578,2.975
1161,57517.7,0.6623,18.64713876,3.16
1162,57557.6,0.6308,16.77235257,4.075
1163,57595.6,0.6244,15.91928251,4.265
1164,57634.5,0.6373,13.79256237,4.2
1165,57673,0.7552,10.72563559,3.275
1166,57711.9,0.6835,16.18141917,1.835
1167,57749.2,0.7569,17.75663892,1.62
1168,57787.5,0.5283,22.52508045,1.71
1169,57827.4,0.4979,19.80317333,1.62
1170,57865.6,0.6056,17.35468956,2.55
1171,57903.3,0.6714,18.70717903,3.785
1172,57942.7,0.4145,18.69722557,3.145
1173,57979.2,0.4778,16.72247802,2.86
1174,58020.4,0.5617,15.31066406,1.75
1175,58056.8,0.4647,16.50527222,1.735
1176,58097.9,0.5314,14.71584494,2.355
1177,58134.9,0.5058,14.33372875,1.43
1178,58171.7,0.5931,16.40532794,4.3
1179,58211.4,0.392,20.6377551,4.7
1180,58250.4,,,0.6
1181,58289.1,,,0.3
1182,58326.4,,,
1183,58366.4,,,
1184,58405.1,,,
1185,58443.8,,,
1186,58481.8,,,
1187,58518.8,,,
1188,58555.1,,,
1189,58593.2,,,2.88
1190,58631.8,0.4921,18.75635034,6.55
1191,58671.8,0.4384,18.04288321,7.07
1192,58711.4,0.438,21.73515982,8.12
1193,58749.4,0.4181,20.54532409,7.67
1194,58787.3,0.4008,21.65668663,3.41
1195,58824.9,0.4477,20.90685727,4.025
1196,58863,0.4103,22.22763831,1.86
1197,58901.2,0.4415,22.46885617,4.63
1198,58939.5,0.47515,21.94043986,6.39
1199,58978,0.5868,20.7736878,6.465
1200,59017.5,0.4605,21.17263844,6.17
1201,59053,0.4213,23.94967956,5.425
1202,59090.5,0.4371,25.85220773,3.26
1203,59126.8,0.453,24.90066225,4.515
1204,59164.3,0.4877,23.80561821,6.105
1205,59200.7,0.4785,22.04806688,6.3
1206,59238.6,0.4866,19.25606247,6.3
1207,59278.7,0.4505,18.71254162,5.625
1208,59316.3,0.4747,19.99157363,6.035
1209,59353,0.3248,19.11945813,5.18
1210,59389,0.4239,18.18825195,8
1211,59427.5,0.4901,17.07814732,6.85
1212,59463.5,0.4825,15.56476684,6.95
1213,59501.7,0.4585,16.53217012,6.06
1214,59537.5,0.4467,17.10320125,6.35
1215,59574.6,0.4784,17.39130435,7.3
1216,59615.3,0.4447,17.11266022,6.31
1217,59652.5,0.4887,17.74094537,6.6
1218,59689.5,0.4614,17.4035544,7.2
1219,59726.3,0.61,13.50819672,7.35
1220,59763,0.5471,14.23871322,6.8
1221,59801.9,0.5125,15.66829268,6.95
1222,59838.6,0.7683,14.42144995,6.9
1223,59875,0.6562,11.94757696,6.55
1224,59913,0.5289,11.91151446,7.55
1225,59951.2,0.5504,14.0625,7.15
1226,59990.7,0.5538,16.21524016,6.7
1227,60025.6,0.5012,16.75977654,6.65
1228,60063.2,0.4929,18.11726517,6.15
1229,60101,0.4702,20.48064653,5.53
1230,60137.4,0.4464,22.33422939,5.4
1231,60173.3,0.4038,22.51114413,4.615
1232,60210.7,0.4399,19.20891112,4.475
1233,60249.1,0.4082,20.4311612,5.135
1234,60286.4,0.4802,19.36693045,5.14
1235,60324.6,0.4091,18.82180396,4.98
1236,60361.2,0.4266,16.73699015,4.385
1237,60398.6,0.4742,20.37115141,4.57
1238,60437.1,0.451,19.33481153,4.145
1239,60476.9,0.7795,18.79409878,3.385
1240,60513.1,0.5394,20.46718576,4.415
1241,60551.7,0.4389,20.71086808,4.945
1242,60589,0.4855,18.37281153,3.935
1243,60626.5,0.3928,19.52647658,3.615
1244,60662.9,0.4356,21.30394858,3.44
1245,60703,0.5988,19.33321573,4.105
1246,60740.1,0.5858,18.99966986,4.425
1247,60775.7,0.5225,20.19917012,4.795
1248,60815.2,0.4658,17.64705882,5.02
1249,60852.7,0.3275,19.35877863,4.405
1250,60890.5,0.3341,16.94103562,5.135
1251,60926,0.8445,15.50029603,4.965
1252,60964.3,0.3418,15.82796957,4.305
1253,60996.7,0.4141,18.35305482,3.915
1254,61033.2,0.477,20.48218029,3.24
1255,61073.9,0.5136,19.85981308,2.755
1256,61113.9,0.4506,20.83888149,2.935
1257,61151.7,,,1.89
1258,61187.6,,,1.06
1259,61223.4,,,
1260,61262.7,,,
1261,61301.4,,,
1262,61337.4,,,
1263,61376.2,,,
1264,61414.8,,,
1265,61452.9,0.5773,13.09544431,1.64
1266,61490,0.4008,18.61277445,0.5855
1267,61527.1,0.5988,13.66065464,1.785
1268,61566.4,0.5151,13.78373131,3.865
1269,61605,0.5507,15.3441075,4.705
1270,61643.1,0.5182,14.39598611,6.24
1271,61679.3,0.3652,13.49945235,6.365
1272,61718,0.5185,13.26904532,6.8
1273,61756.5,0.5042,11.60253868,8.1
1274,61797.1,0.5247,11.16828664,11
1275,61835.8,0.6158,11.61091263,9.95
1276,61873.4,0.5159,11.57201008,9.35
1277,61909.4,0.6154,13.30841729,6.6
1278,61945,0.5237,14.22570174,5.915
1279,61981.2,0.5183,14.89484854,7.085
1280,62019.7,0.519,14.10404624,7.85
1281,62057.1,0.453,15.14348786,5.8
1282,62094.8,0.5553,14.42463533,7.85
1283,62134.2,0.5366,14.46142378,6.035
1284,62171.6,0.3738,14.55323703,6.015
1285,62209.7,0.4624,15.96020761,6.77
1286,62247.2,0.7551,15.94490796,6.69
1287,62284.9,0.5928,15.70512821,6.5
1288,62324.8,0.4503,16.78880746,5.185
1289,62363.5,0.3889,18.69375161,5.535
1290,62401.4,0.2576,17.00310559,5.845
1291,62438.3,0.3857,17.50064817,5.885
1292,62474.5,0.4377,16.74663011,5.85
1293,62514.2,0.7439,16.41349644,6.18
1294,62550.7,0.597,15.0921273,6.36
1295,62588.7,0.6977,14.61946395,6.06
1296,62627.4,0.5796,14.88957902,6.43
1297,62664.2,0.6015,13.36658354,5.975
1298,62701,0.6489,13.36107258,6.4
1299,62739.3,0.6151,14.45293448,5.93
1300,62776.6,0.6229,15.62048483,5.895
1301,62813.7,0.7854,13.76368729,6.115
1302,62851,0.5997,12.42287811,6.38
1303,62890.1,0.6771,11.3129523,6.345
1304,62926.1,0.5623,13.9783034,6.65
1305,62962.9,0.4898,14.1077991,6.035
1306,63002.8,0.6389,11.67631867,6.265
1307,63041,0.6104,10.50131062,7.45
1308,63078.6,0.6115,12.95175797,7.095
1309,63115.3,0.4241,10.30417354,7.35
1310,63152,0.4491,10.93297707,6.965
1311,63191.2,0.66,11.96969697,6.875
1312,63226.7,0.6544,11.76650367,5.895
1313,63261.2,0.5673,13.55543804,4.77
1314,63299.6,0.3904,13.14036885,4.755
1315,63337.1,0.5581,13.00842143,5.54
1316,63373.5,0.7032,13.0403868,5.9
1317,63412.3,0.4036,12.90882061,6.595
1318,63451.9,0.416,13.00480769,7.115
1319,63489.1,0.6985,12.82748747,6.28
1320,63528.1,0.3866,14.97672012,6.165
1321,63567.1,0.4942,15.80331849,6.035
1322,63602.4,0.5871,14.61420542,6.83
1323,63640,0.6464,13.87685644,6.95
1324,63678,0.5697,13.56854485,6.8
1325,63713.9,0.7957,13.49754933,6.52
1326,63751.8,0.5022,12.96296296,7.29
1327,63789.5,0.5188,12.45181187,5.475
1328,63826.2,0.4925,14.33502538,4.915
1329,63863.3,0.6412,15.93886463,4.155
1330,63899.8,0.4958,14.54215409,3.025
1331,63939.4,0.5763,13.30904043,4.58
1332,63977.4,,,4.24
1333,64014.3,0.5338,13.22592731,3.38
1334,64051.2,0.6104,12.4344692,3.25
1335,64089.1,0.4271,12.73706392,3.4
1336,64126.6,0.6531,13.38233042,3.63
1337,64159.9,0.5254,12.02893034,4.31
1338,64196.4,0.5475,12.65753425,4.88
1339,64234.5,0.4806,13.2542655,4.89
1340,64272.6,,,
1341,64310.6,,,
1342,64348.3,,,
1343,64383.9,,,
1344,64421.6,,,
1345,64458.6,,,
1346,64494.5,,,
1347,64531,,,
1348,64567,,,
1349,64602.2,,,
1350,64639.7,,,
1351,64678.1,,,
1352,64715.9,,,
1353,64752.2,,,
1354,64790.4,,,
1355,64827.4,,,
1356,64863.6,0.5481,13.42820653,3.28
1357,64898.9,0.483,14.28571429,1.54
1358,64936.3,0.3828,15.28213166,1.34
1359,64973.9,0.4629,16.00777706,3.245
1360,65009.2,0.5594,14.99821237,7.85
1361,65045.5,0.5276,15.29567854,5.84
1362,65081.6,0.5254,15.94975257,5.55
1363,65117,0.4284,16.15312792,5.525
1364,65155.2,0.4027,16.81152222,6.05
1365,65191.7,0.4523,16.49347778,5.995
1366,65227,0.4489,16.21742036,5.685
1367,65265.1,0.4914,15.68986569,4.705
1368,65300.1,0.3682,15.9424226,4.715
1369,65335.4,0.398,14.79899497,5.09
1370,65371,0.4594,18.61658117,5.195
1371,65407.6,0.5968,19.26042762,5.27
1372,65444.5,0.4168,19.90529958,5.61
1373,65482.2,0.6899,13.88607044,5.9
1374,65520.9,0.6488,13.71763255,5.125
1375,65558.2,0.4602,14.25467188,4.305
1376,65595.4,0.7448,14.11117078,5.625
1377,65632.3,0.585,17.28205128,5.755
1378,65668.3,0.5629,17.64078877,5.62
1379,65707.5,0.54,17.77777778,4.895
1380,65745.9,0.5016,17.44417863,4.925
1381,65783.6,0.5628,19.29637527,5.065
1382,65820.5,0.5536,19.21965318,5.44
1383,65855.6,0.5006,18.37794646,5.83
1384,65891.3,0.5096,17.1899529,5.36
1385,65926.5,0.5173,18.15194278,5.695
1386,65964.6,0.5044,13.89770024,5.145
1387,66000.5,0.4945,15.93528817,5.415
1388,66035.2,0.3355,16.54247392,5.375
1389,66068.8,0.4166,19.97119539,4.915
1390,66105.6,0.5113,18.97124976,4.38
1391,66144,0.4176,20.78544061,4.67
1392,66181.3,0.5553,18.20637493,4.695
1393,66218.8,0.5908,16.72308734,4.775
1394,66256.8,0.4518,15.22797698,4.58
1395,66294.3,0.49559,17.22735096,3.665
1396,66330.5,0.3811,15.79778831,5.545
1397,66364.8,0.4745,15.17797179,6.045
1398,66399.6,0.4143,10.42722665,5.57
1399,66435.9,0.5935,11.27211457,5.32
1400,66472.2,0.3859,11.63513864,5.24
1401,66508.7,0.6153,10.53144807,5.365
1402,66545.3,0.4041,11.30908191,5.735
1403,66581,0.5373,12.2278057,5.395
1404,66618.6,0.5235,11.65234002,5.77
1405,66657.8,0.4573,11.96151323,5.68
1406,66694.6,0.4635,10.83063646,5.915
1407,66732.7,0.517,12.90135397,5.545
1408,66769,0.5088,12.73584906,5.385
1409,66805.2,0.4443,13.75196939,5.66
1410,66843.3,0.4489,16.55745626,4.066666667
1411,66881.4,0.42365,17.75423633,4.23
1412,66919.4,0.46075,17.11980081,4.42
1413,66955.2,0.4572,18.47971912,5.523333333
1414,66989.8,0.4802,17.81312821,5.216666667
1415,67026.2,0.42625,18.22393724,5.13
1416,67064.2,0.49785,18.46906912,4.983333333
1417,67103.2,0.4297,19.19076345,4.966666667
1418,67142.3,0.4534,19.32461658,4.06
1419,67178.6,0.4391,18.70463954,4.276666667
1420,67214.9,0.43895,18.46957457,4.416666667
1421,67251,0.4846,18.38033751,4.236666667
1422,67288.7,0.52095,17.51349782,4.83
1423,67325,0.5041,18.37698224,3.743333333
1424,67362.1,0.51905,17.93686478,4.343333333
1425,67398.5,0.52065,17.26870371,4.44
1426,67434,0.5271,17.30727456,3.933333333
1427,67470.8,0.52305,21.15603235,2.87
1428,67505.5,0.43,19.27606163,4.38
1429,67541.5,0.587,19.39190418,3.705
1430,67579.6,0.588266667,15.80437074,4.33
1431,67617.6,0.62,15.16266131,4.62
1432,67654.7,0.5678,15.70124202,4.93
1433,67692.2,0.6388,16.56446106,5.28
1434,67728.4,0.5137,15.30390373,5.713333333
1435,67765.6,0.6988,15.14786151,5.293333333
1436,67802.8,0.61845,16.02985388,4.93
1437,67841.9,0.5632,16.47219004,5.493333333
1438,67878.5,0.5941,16.23279125,5.493333333
1439,67912.7,0.5211,16.6141335,5.933333333
1440,67947.6,0.5758,17.07205841,5.763333333
1441,67983.9,0.55255,18.60524224,5.633333333
1442,68021.6,0.501,19.94731531,5.393333333
1443,68058.7,0.52205,19.25580928,4.926666667
1444,68095.2,0.5193,18.21923374,3.836666667
1445,68133,0.5495,18.72827886,5.336666667
1446,68170.9,0.59195,18.08736835,5.793333333
1447,68206.5,0.6891,16.95591631,6.966666667
1448,68242.1,0.5423,18.99036144,6.133333333
1449,68279.1,0.57475,17.01465044,5.503333333
1450,68314.9,0.62545,15.89291339,4.92
1451,68349.1,0.65635,14.66813977,4.113333333
1452,68386.5,0.6361,14.14777536,4.483333333
1453,68425.4,0.6449,14.06593145,4.476666667
1454,68462.6,0.51315,15.69924405,4.956666667
1455,68496.2,0.54455,16.99657777,4.48
1456,68531.7,0.4947,17.73801317,3.516666667
1457,68569.3,0.52055,20.62556273,3.43
1458,68606.8,0.63035,19.50358866,3.856666667
1459,68644.3,0.47645,22.27525103,2.993333333
1460,68679.7,0.54515,22.104841,3.053333333
1461,68715.4,0.51695,22.95008307,2.733333333
1462,68750.1,0.5532,21.43891149,3.61
1463,68784.8,0.53615,20.81452898,3.723333333
1464,68823.5,0.5458,19.51128121,4.223333333
1465,68862.7,0.59945,17.09241374,4.186666667
1466,68899.1,0.6141,14.92744535,4.346666667
1467,68939.1,0.67615,14.6063796,4.63
1468,68972.2,0.70635,13.75514197,4.846666667
1469,69007.8,0.6427,12.37055935,4.8
1470,69043.2,0.62035,13.45269325,5.04
1471,69080.2,0.68455,13.28999588,5.37
1472,69117.7,0.63475,13.1253931,5.23
1473,69156,0.6805,13.58837251,5.123333333
1474,69192.2,0.72055,13.40829337,4.753333333
1475,69228.9,0.58065,12.76303018,4.796666667
1476,69266.7,0.6407,14.11234077,4.726666667
1477,69304.3,0.6074,13.07160443,5.493333333
1478,69340.5,0.65945,13.34182477,4.81
1479,69378,0.58375,13.60351086,4.6025
1480,69418.4,0.62175,13.71150678,3.865
1481,69457.2,0.6205,14.15037465,3.2725
1482,69494,0.62255,14.52291723,3.2275
1483,69531,0.61295,15.35733368,3.41
1484,69568.4,0.5224,14.85164943,3.6625
1485,69606.9,0.5144,13.33783578,3.4625
1486,69645.3,0.59005,13.00702591,3.5325
1487,69682.1,0.5632,12.58868566,3.6075
1488,69718.8,0.55465,14.43410666,3.2625
1489,69758.5,0.5303,15.39534416,3.055
1490,69795.3,0.5008,16.89012037,2.7425
1491,69832.1,0.5433,16.36771671,2.4475
1492,69870.6,0.55865,15.79265451,2.3675
1493,69907.9,0.5738,14.16737842,2.075
1494,69944.1,0.5138,19.58126248,1.8675
1495,69982.7,0.489,21.72992818,1.966666667
1496,70019.9,0.74175,14.1825331,3.623333333
1497,70052.8,0.72225,13.38128696,3.66
1498,70090.9,0.57745,14.88763985,3.873333333
1499,70126.4,0.57675,14.29888533,4.14
1500,70163.4,0.6392,14.93862414,3.27
1501,70200,0.6111,17.84008963,3.086666667
1502,70237.4,0.60755,17.86284335,2.68
1503,70274.4,0.7178,17.30286988,2.723333333
1504,70313.1,0.6048,18.20436508,3.23
1505,70351.6,0.6193,16.71241725,2.94
1506,70387.2,0.47605,16.6313275,3.3
1507,70423.8,0.5345,17.18725333,2.75
1508,70463.3,0.5584,16.23555395,2.715
1509,70500,0.5995,16.77160988,2.515
1510,70536.9,0.52185,17.88822188,2.6125
1511,70573.6,0.5413,18.46458089,2.5525
1512,70607.5,0.50655,20.58528772,2.5975
1513,70643.4,0.6876,22.41704394,2.24375
1514,70681.6,0.5097,24.27809588,2.13375
1515,70720.9,0.5953,43.80454495,2.2405
1516,70758,0.41575,27.25380786,2.23325
1517,70792.5,0.51875,26.86053267,2.157
1518,70826.9,0.56345,28.04810335,1.623333333
1519,70865.5,0.924,16.34601263,1.46
1520,70903.4,0.6687,16.60463785,2.356666667
1521,70941.2,0.5046,11.13145368,4.57
1522,70979.3,0.4778,13.52459016,3.87
1523,71017.2,0.8722,15.38148801,4.29
1524,71052.6,0.878,15.10321401,4.31
1525,71089.4,0.8087,12.98915606,4.46
1526,71126.6,0.7245,12.85751771,4.75
1527,71161.7,0.6008,11.3225058,4.38
1528,71199.4,0.5709,11.25287063,4.735
1529,71234.8,0.8088,10.74249605,4.7
1530,71273.3,0.6601,10.75594607,4.44
1531,71310.2,0.7653,9.408075265,4.8
1532,71346.4,0.724,10.02762431,5.07
1533,71383.4,0.5436,12.39882266,5.425
1534,71419.6,0.5703,12.62493425,5.635
1535,71457.4,0.5069,13.11895837,5.145
1536,71494.1,0.6753,9.684584629,5.315
1537,71531.9,0.6875,7.956363636,5.695
1538,71568.6,1.1612,7.23389597,5.82
1539,71605.1,0.7226,10.10240797,6.015
1540,71640.5,0.8863,8.134943022,6.005
1541,71678.3,0.7769,7.105161539,6.095
1542,71715.1,0.985,7.756345178,6.465
1543,71752.2,0.5881,10.38938956,7.04
1544,71789.3,0.7537,8.756799788,6.25
1545,71823.4,0.5363,10.21816148,5.72
1546,71859.6,0.6438,9.490525008,5.64
1547,71897.7,0.6775,9.741697417,5.81
1548,71936.5,0.5077,11.24679929,5.645
1549,71974.6,1.0415,7.469995199,5.615
1550,72011.7,0.8368,8.460803059,5.705
1551,72050,0.7705,6.878650227,5.495
1552,72086.6,0.9053,6.704959682,5.415
1553,72125.6,0.7698,7.092751364,5.115
1554,72159.8,1.0268,6.398519673,5.205
1555,72196.5,0.6613,7.122334795,5.11
1556,72231.3,1.1486,5.720006965,5.3
1557,72270.5,1.3139,4.513281072,5.45
1558,72308,1.3448,4.357525283,5.14
1559,72345.1,0.8953,4.668826092,5.555
1560,72378.5,1.2053,5.392848254,6.055
1561,72415,1.0317,4.419889503,6.175
1562,72454.2,1.2232,4.054937868,5.895
1563,72489,1.0108,4.085872576,6.685
1564,72527.3,1.3152,2.874087591,6.955
1565,72562.8,1.2474,1.948051948,7.27
1566,72600.1,1.2476,2.164155178,6.315
1567,72637.4,1.332,2.282282282,6.075
1568,72675.3,1.1769,2.719007562,6.53
1569,72712.1,1.3288,3.461770018,5.265
1570,72750.8,1.3109,3.539552979,5.575
1571,72783.9,1.3804,2.071863228,6.53
1572,72819.9,1.3793,1.827013703,5.325
1573,72858.5,1.1475,2.335511983,5.105
1574,72896.9,1.103,3.019038985,6.035
1575,72933.7,1.1158,1.971679512,5.505
1576,72970.9,1.6095,6.082634358,5.62
1577,73008.9,1.2233,0.580397286,5.985
1578,73047.2,0.6425,4.887159533,5.53
1579,73083.8,0.7425,4.727272727,4.72
1580,73121.5,,,5.205
1581,73158.3,,,4.445
1582,73197.3,,,4.715
1583,73235.7,,,3.2
1584,73273.6,,,
1585,73312.9,,,
1586,73350.7,,,
1587,73388.7,,,
1588,73427.5,,,
1589,73465.2,,,
1590,73503.1,,,
1591,73539.9,,,
1592,73577.5,,,
1593,73614.2,,,
1594,73651.4,,,
1595,73688.1,,,
1596,73727.8,,,
1597,73766.6,,,2.4
1598,73804.2,,,4.89
1599,73840.5,,,5.31
1600,73879.6,,,4.605
1601,73928.6,,,2.795
1602,73979.4,,,4.035
1603,74031.1,,,5.055
1604,74083.6,,,4.73
1605,74136,,,5.03
1606,74186.4,,,3.7
1607,74237.3,,,3.665
1608,74290.3,0.9093,10.44887781,1.68
1609,74343.5,0.9212,9.670860338,1.565
1610,74394.5,0.644,9.79812398,4.73
1611,74447.8,0.5355,7.544351074,5.2
1612,74498.1,0.8203,7.497257101,5.035
1613,74547.7,0.6079,5.198223392,4.605
1614,74599.1,1.1451,6.925159375,4.005
1615,74651.5,1.2597,3.683416687,4.785
1616,74704.1,0.5832,7.458847737,5.055
1617,74754.1,1.1047,1.692767267,4.91
1618,74807,1.251,7.130295763,4.685
1619,74858.7,0.8467,9.519310263,5.14
1620,74910.7,1.3493,6.729415252,5.225
1621,74960.9,1.3333,8.077701943,4.435
1622,75012.9,1.4795,8.225751943,4.635
1623,75064.2,1.666,8.199279712,4.755
1624,75115.4,1.5096,7.591414944,4.76
1625,75169.7,0.9066,8.592543569,4.89
1626,75221.8,0.9951,7.979097578,3.425
1627,75274,0.5742,9.491466388,4.26
1628,75324,0.8525,8.516129032,3.67
1629,75375,0.8635,8.8940359,2.88
1630,75426.6,1.104,9.184782609,1.355
1631,75478.2,0.9618,9.326263256,2.675
1632,75531.4,0.6763,9.773769037,2.745
1633,75583,0.9657,11.16288702,3.715
1634,75634.3,0.9166,11.53174776,2.83
1635,75683.9,0.5818,11.03471983,3.445
1636,75733.8,0.7053,10.15170849,3.07
1637,75787.2,0.6483,10.67407065,2.715
1638,75838.1,0.6039,10.87928465,1.81
1639,75889.5,1.1838,11.40395337,2.675
1640,75942,0.7936,9.929435484,1.835
1641,75993.7,0.8721,10.43458319,1.175
1642,76045,0.6886,11.35637525,1.995
1643,76097.2,0.854,12.45901639,1.95
1644,76149.7,1.9049,4.91889338,1.1865
1645,76201.1,0.7289,9.850459597,1.35
1646,76252.4,,,2.385
1647,76304.5,,,
1648,76355.1,,,
1649,76405.8,,,
1650,76459,,,
1651,76513.4,,,
1652,76567.7,,,
1653,76619.2,,,
1654,76669.4,,,
1655,76724.4,,,
1656,76777.5,,,
1657,76831.1,,,
1658,76883,,,
1659,76933.3,,,
1660,76989.4,,,
1661,77042,,,
1662,77096.2,,,
1663,77148.7,,,
1664,77199.3,,,
1665,77251.2,,,
1666,77303,,,
1667,77355.6,,,
1668,77409.6,,,
1669,77463.9,,,
1670,77516.3,,,3.15
1671,77571.8,,,2.115
1672,77624.9,,,1.755
1673,77676.5,,,1.99
1674,77728.9,,,2.34
1675,77781.5,0.5325,19.69953052,1.135
1676,77833.7,0.4155,17.54512635,2.165
1677,77886.8,0.4734,16.66666667,3.36
1678,77940.4,0.4962,17.67432487,3.43
1679,77990.7,0.5706,16.35120925,3.25
1680,78044.7,0.5391,16.50899648,3.185
1681,78096.1,0.5351,16.09045038,3.035
1682,78149.8,0.5568,16.93606322,2.685
1683,78201.2,0.541,17.97500801,2.55
1684,78256,0.6067,18.19861432,1.97
1685,78307.5,0.5874,17.81231321,0.425
1686,78362.3,0.5808,15.7369146,0.7945
1687,78412.3,0.3585,15.59274756,1.25
1688,78461.9,0.4054,14.84953133,1.505
1689,78514,0.4476,16.30920465,1.0915
1690,78567.7,0.5096,19.40737834,1.705
1691,78621.7,0.3341,22.2687818,1.965
1692,78676.4,0.406,18.76847291,1.93
1693,78727.2,0.4695,19.02023429,1.755
1694,78778.1,0.506,19.94071146,1.41
1695,78830.1,0.345,19.33333333,1.61
1696,78881.3,0.5032,20.15103339,1.62
1697,78933.5,0.5249,19.01314536,0.998
1698,78983.3,0.5793,20.1622648,1.26
1699,79038.8,0.5541,20.14076881,1.21
1700,79093.3,0.5433,20.7436039,1.725
1701,79145.1,0.4798,20.61275531,1.745
1702,79197.9,0.4897,20.11435573,1.59
1703,79251.3,0.4998,20.10804322,1.905
1704,79304.8,0.5641,18.89735862,1.48
1705,79356.8,0.5543,18.02273137,1.265
1706,79405.9,0.5287,18.72517496,0.889
1707,79457.4,0.5116,18.99921814,0.6235
1708,79509.6,0.4808,18.63560732,0.43845
1709,79559.9,0.6345,19.14893617,0.3825
1710,79613.3,0.5279,20.87516575,0.39165
1711,79668.5,0.4981,21.34109617,0.99
1712,79723.2,0.4421,24.4967202,1.205
1713,79776.1,0.4625,25.98918919,2.195
1714,79827.6,0.4144,20.41548276,2.48
1715,79879.4,0.46635,20.09105012,1.8
1716,79930.2,0.52025,20.9358236,1.346666667
1717,79982.4,0.42185,23.71521335,1.25
1718,80035,0.3705,23.78343151,1.11
1719,80088.4,0.44155,20.87438875,1.306666667
1720,80140.3,0.4251,22.60245605,1.486666667
1721,80192.2,0.477285,20.0508617,1.82
1722,80244.6,0.4336,23.2853899,1.35
1723,80295.9,0.4915,21.96955159,1.21
1724,80347.7,0.44915,21.54639343,1.586666667
1725,80400.8,0.3852,20.98765299,1.706666667
1726,80451.9,0.4111,18.56047987,1.466666667
1727,80504.2,0.44555,20.51014311,1.746666667
1728,80558.3,0.45785,21.4465426,1.55
1729,80610.2,0.41415,20.74484367,1.54
1730,80661.8,0.41085,21.13694228,1.483
1731,80714.1,0.4804,20.20180589,1.147333333
1732,80766.6,0.4463,22.18387996,0.767
1733,80818.8,0.4563,25.69403192,0.800333333
1734,80871.9,0.4609,27.38599613,0.552
1735,80926.7,0.4191,26.41866371,0.399666667
1736,80980.1,0.3784,28.60656989,0.458633333
1737,81031.6,0.39935,30.94104084,0.617
1738,81085.8,0.36105,26.09483649,0.542666667
1739,81136.3,0.346,26.4394824,0.358333333
1740,81188.8,0.3589,25.05545667,0.243
1741,81242.6,0.30545,26.56589257,0.092666667
1742,81297.1,0.3515,28.76638886,0.095666667
1743,81349.9,0.3817,31.8913503,0.109666667
1744,81404.5,0.35945,33.75936883,0.320566667
1745,81457.5,0.32725,33.63068001,0.332666667
1746,81509.8,0.3629,32.9617952,0.095333333
1747,81561.8,0.31545,33.97564671,-0.065666667
1748,81614.8,0.31425,32.34087722,-0.093333333
1749,81668.6,0.3421,31.82372052,-0.243333333
1750,81722.1,0.3735,30.27429305,-0.374
1751,81770,0.41925,29.08242648,-0.447
1752,81819,0.4439,24.72430342,-0.610666667
1753,81865.3,0.50835,18.81879383,-0.450333333
1754,81910.6,0.527,17.38864507,-0.311333333
1755,81959.7,0.59055,17.81513956,-0.243
1756,82005.8,0.5594,17.38503031,-0.237
1757,82053.2,0.58855,18.07245798,-0.3994
1758,82101.9,0.55445,15.54086836,-0.535733333
1759,82151.6,0.4718,17.51959692,-0.543666667
1760,82197.1,0.44155,22.12117239,-0.650666667
1761,82247.5,0.452035,23.91683775,-0.703333333
1762,82294.5,0.39115,26.126049,-0.563
1763,82341.6,0.46735,25.81391594,-0.585
1764,82389.6,0.4806,19.20516022,-0.556
1765,82438.9,0.5537,19.63156944,-0.595
1766,82486.2,0.5522,23.05324158,-0.605333333
1767,82535.4,0.5486,23.35034634,-0.611333333
1768,82584.5,0.6315,23.52555701,-0.647666667
1769,82630.5,0.4337,21.30134497,-0.634666667
1770,82677.1,0.5006,20.62058775,-0.643
1771,82725,0.5128,16.96567863,-0.619333333
1772,82772.8,0.5518,17.76005799,-0.693333333
1773,82822.3,0.445,18.56179775,-0.863
1774,82871,0.4276,21.60898036,-0.882333333
1775,82919.1,0.5614,21.14356965,-0.9245
1776,82968.9,0.5522,20.17385005,-0.567
1777,83014.5,0.564,15.83813277,-0.454
1778,83062.8,0.5813,13.86861314,-0.412
1779,83111.9,0.5365,15.13306908,-0.431
1780,83160.6,0.7177,11.31391946,-0.514
1781,83211.7,,,-0.269
1782,83260.1,,,0.0465
1783,83309.7,,,0.156
1784,83357.2,,,
1785,83407.1,,,
1786,83453.7,,,
1787,83503,,,
1788,83549.8,,,
1789,83599.6,,,
1790,83648.9,,,
1791,83697.4,,,
1792,83746.1,,,
1793,83795.6,,,
1794,83844.9,,,
1795,83892.4,,,
1796,83941.9,,,
1797,83990.5,,,
1798,84037.5,,,
1799,84087.8,,,0.5995
1800,84135,0.46,18.82608696,0.513333333
1801,84175.3,0.4299,17.44591766,0.348666667
1802,84217.8,0.4604,17.35447437,0.473333333
1803,84258.8,0.4257,19.28588208,0.275666667
1804,84301.6,0.4094,19.3209575,0.331
1805,84340.1,0.2995,17.02838063,0.290666667
1806,84381.9,0.3489,21.03754657,0.304
1807,84424.2,0.345,22.79130435,0.604
1808,84466.7,0.3528,19.72789116,0.451666667
1809,84507.4,0.437,18.67276888,0.269333333
1810,84549.2,0.3248,25.52339901,0.437666667
1811,84587.2,0.3607,22.01275298,0.617666667
1812,84627.7,0.3691,22.78515308,1.536666667
1813,84669.8,0.3828,20.66353187,1.75
1814,84708.9,0.409,20.83129584,1.793333333
1815,84751,0.4239,19.88676575,1.543333333
1816,84793.8,0.3955,19.7977244,2.086666667
1817,84835.7,0.4717,16.81153275,2.3
1818,84875.2,0.4119,17.98980335,2.356666667
1819,84915.5,0.3426,18.21366025,2.683333333
1820,84953.8,0.4526,17.83031374,2.913333333
1821,84994.4,0.4694,16.74478057,2.786666667
1822,85035.5,0.4039,17.70240158,2.246666667
1823,85077.5,0.445,18.85393258,2.24
1824,85117,0.3874,17.1915333,2.946666667
1825,85157,0.59012,16.72541178,2.596666667
1826,85199.1,0.6203,16.02450427,2.437
1827,85237.1,0.6121,15.14458422,2.122666667
1828,85279.1,0.6051,15.56767476,2.177333333
1829,85319.8,0.6913,16.12903226,3.305
1830,85360.1,0.5611,15.64783461,2.785
1831,85399.6,0.4546,18.45578531,2.215
1832,85438.8,0.4276,21.58559401,1.825
1833,85480,0.3717,30.80441216,1.275
1834,85523.5,0.4292,25.79217148,1.585
1835,85563.7,0.4457,24.1193628,2.125
1836,85604.8,0.5028,21.59904535,2.12
1837,85644.1,0.4309,20.74727315,2.085
1838,85684.2,0.5168,19.89164087,1.895
1839,85722.2,0.5306,18.37542405,0.945
1840,85760.8,0.4238,21.30722039,0.71
1841,85803.1,0.4802,21.13702624,0.885
1842,85844.7,0.4446,22.60458839,0.845
1843,85884.3,0.5538,22.93246659,0.86
1844,85923.1,0.4185,22.60454002,0.737666667
1845,85965.7,0.5156,16.67959659,0.498333333
1846,86004.1,0.5134,14.16049864,0.493
1847,86045.8,0.5907,12.595226,0.710666667
1848,86085.6,0.3407,19.63604344,0.448
1849,86126.9,0.4282,20.48108361,0.86
1850,86166.1,0.4131,20.21302348,0.753
1851,86206,0.4289,19.6083003,1.037333333
1852,86245.2,0.4174,21.94537614,0.990333333
1853,86285.5,0.4927,19.78891821,0.886
1854,86326.7,0.4191,19.92364591,0.95
1855,86368.7,0.4611,18.71611364,1.156666667
1856,86411.4,0.3858,20.9694142,0.502146667
1857,86450.8,0.423,20.11820331,0.377725
1858,86489.9,0.486,16.39917695,0.47225
1859,86528.7,0.4038,29.90697067,0.4065
1860,86569.4,0.4796,29.98331943,0.408
1861,86611.1,0.5575,15.9103139,1.137
1862,86654.3,0.7388,13.31889551,1.605
1863,86694.7,0.6893,12.46191789,2.4
1864,86738,0.6186,13.99935338,2.97
1865,86776.4,0.5477,14.16834033,3.01
1866,86816.1,0.5699,13.51114231,2.71
1867,86857.8,0.3493,14.40022903,3.215
1868,86899.3,0.4934,14.55208756,3.31
1869,86938,0.5729,14.27823355,3.155
1870,86977,0.8163,14.82298175,2.88
1871,87017.4,0.8051,16.06011676,2.415
1872,87059.2,0.8547,13.66561367,2.165
1873,87100.1,0.5663,15.02737065,3.35
1874,87139.7,0.6692,14.22594142,2.67
1875,87178.6,,,3.08
1876,87218.3,,,3.02
1877,87258.5,,,2.54
1878,87298.4,,,2.26
1879,87337.9,,,2.16
1880,87379.6,,,2.345
1881,87421.6,,,1.835
1882,87462.5,,,2.8
1883,87503.4,,,2.565
1884,87543.3,,,2.2
1885,87585,,,2.285
1886,87624.8,,,1.775
1887,87664.6,,,1.775
1888,87701.7,,,1.96
1889,87743.5,,,2.1
1890,87786.1,,,2.1
1891,87825.6,0.3353,34.17834775,2.723333333
1892,87864.1,0.3512,33.54214123,2.235
1893,87902.9,0.3934,27.83426538,2.6375
1894,87944,0.4236,20.08970727,2.45
1895,87986.7,0.5437,14.91631414,2.67
1896,88027.3,0.5172,13.18638824,2.875
1897,88068.3,0.5588,11.86471009,2.9475
1898,88109.9,0.5848,12.3119015,2.88
1899,88150.1,0.6059,12.98894207,2.7775
1900,88190.6,0.6351,13.50968351,2.8775
1901,88229.1,0.5457,12.27780832,2.65
1902,88267.5,0.5877,12.96579888,2.285
1903,88306,0.6208,13.09600515,2.3475
1904,88347.4,0.5209,12.47840276,2.25975
1905,88387.5,0.6073,11.14770295,2.6075
1906,88428,0.5664,11.74081921,2.795
1907,88467.1,0.6294,11.74134096,2.24
1908,88504.7,0.7032,11.26279863,1.5625
1909,88544.4,0.6786,10.27114648,1.60025
1910,88584.1,0.6669,11.32103764,2.03875
1911,88621,0.5704,12.65778401,1.99625
1912,88659.6,0.5469,14.28049003,1.89925
1913,88699.2,0.6019,12.92573517,1.3185
1914,88739.8,0.6538,12.35851942,1.949
1915,88777.9,0.5977,10.77463611,1.9165
1916,88816.9,0.605,10.95867769,1.74825
1917,88857,0.6413,11.53906128,2.0185
1918,88897.7,0.78745,7.806045754,1.87625
1919,88938.1,0.75195,7.989595787,2.145
1920,88978.5,0.6979,8.134181731,2.295
1921,89015.3,0.7506,10.49280165,2.355
1922,89057.3,0.744,10.28129564,2.515
1923,89096.1,0.76595,9.238764608,2.73
1924,89138,0.7416,10.50595559,2.8725
1925,89176.2,0.76785,9.299695667,2.505
1926,89215.4,0.75295,9.312312796,2.7025
1927,89252.9,0.80085,9.858020941,2.385
1928,89292.9,0.7723,9.337136446,2.835
1929,89331.4,0.9085,8.513541533,2.7675
1930,89369.7,0.80185,8.931754291,2.5475
1931,89408.5,0.81625,8.623443575,3.03
1932,89447.9,0.80805,8.318647002,2.655
1933,89489.1,0.87155,8.375224517,1.5965
1934,89526.2,0.8773,8.139539872,2.1465
1935,89566.2,0.802,8.289363783,2.051
1936,89604.3,0.80495,8.294737877,2.336
1937,89643.1,0.84065,8.241630269,2.4575
1938,89683,0.8323,7.904870556,2.8525
1939,89722.5,0.83515,9.02460665,2.9425
1940,89762.3,0.82845,8.246373513,2.87
1941,89801.9,0.81545,8.316914862,2.381
1942,89839.8,0.8564,7.95806501,2.75
1943,89880.7,0.79075,8.248678208,3.305
1944,89919.3,0.776233333,10.14040718,2.802
1945,89960.1,0.8075,9.018089667,2.88
1946,89996.8,0.831633333,8.47589821,2.96
1947,90035.2,0.805566667,8.368747002,2.75496
1948,90072.9,0.852733333,7.991031557,2.24542
1949,90113.3,0.7576,8.882827917,2.8661
1950,90152.2,0.8031,9.000159473,3.349
1951,90191.6,0.73565,8.352908036,3.963333333
1952,90231.1,0.6321,7.643941415,4.683333333
1953,90270.6,0.67255,7.637959313,4.64
1954,90309.7,0.66715,7.994428806,4.93
1955,90351.9,0.7609,8.042568499,3.836666667
1956,90393.1,0.60495,8.810707159,3.893333333
1957,90434,0.69325,8.434349483,4.273333333
1958,90473.3,0.6474,8.504736167,4.866666667
1959,90513.5,0.89115,7.357528933,5.263333333
1960,90554,0.8944,7.431373138,4.493333333
1961,90593.5,0.70495,8.483397626,4.783333333
1962,90635.5,0.55425,6.27800551,5.556666667
1963,90672.4,0.5673,6.931958941,5.216666667
1964,90713.7,0.8052,7.034561633,4.976666667
1965,90753.6,0.7591,6.985204405,4.803333333
1966,90795.9,0.68955,6.530921765,3.846666667
1967,90834.8,0.78095,6.576049734,3.813333333
1968,90875.4,0.79145,7.469144896,4.26
1969,90914.8,0.6633,7.043235414,6.09
1970,90954.5,0.84085,6.349517545,5.215
1971,90996,0.61125,6.675705873,5.06
1972,91036.8,1.0319,6.483186355,8.46
1973,91076.5,0.7606,6.652642651,5.79
1974,91116.9,0.5028,7.975338107,5.7
1975,91158.5,0.8218,6.03553176,5.42
1976,91202.3,0.8644,6.675150393,5.65
1977,91243.5,1.2296,6.538711776,4.9
1978,91283.5,1.2403,6.724179634,5.67
1979,91323.2,0.9068,6.870313189,5.58
1980,91363.4,0.696,7.543103448,5.89
1981,91403.5,0.5603,6.103872925,5.74
1982,91445.4,1.0278,4.825841603,6.315
1983,91485.5,1.0032,5.293062201,5.485
1984,91524.5,,,6.705
1985,91564.6,,,5.91
1986,91604.1,0.7414,5.192878338,6.146666667
1987,91648.4,0.6699,4.926108374,5.616666667
1988,91687.6,0.7555,4.990072799,5.416666667
1989,91726.6,0.7401,5.364139981,4.606666667
1990,91766.4,0.6723,6.738063365,5.543333333
1991,91805.4,0.6501,5.552991847,5.5
1992,91845.7,0.8866,5.368824724,5.93
1993,91886.3,0.6083,6.361992438,5.703333333
1994,91924.6,0.7951,6.275940133,5.68
1995,91968.6,0.6683,5.267095616,5.693333333
1996,92008.6,0.9205,5.638240087,5.963333333
1997,92049.2,0.7747,7.460952627,5.976666667
1998,92092.2,0.9555,6.855049712,5.123333333
1999,92133,0.6262,6.515490259,5.7
2000,92173.3,0.8349,6.599592766,5.593333333
2001,92212.6,0.8432,7.673149905,5.35
2002,92253,0.8366,11.04528142,5.866666667
2003,92293,0.7937,5.518457856,5.286666667
2004,92330,0.8756,11.61489265,4.256666667
2005,92369.2,0.8257,6.757902386,4.71
2006,92409.3,0.6069,7.118141374,4.626666667
2007,92451.2,1.0956,5.449069003,5.006666667
2008,92491.9,0.9488,5.765177066,5.25
2009,92531.6,0.6423,6.118636151,5.62
2010,92571.4,1.2079,5.364682507,5.65
2011,92612.7,0.956,4.822175732,5.343333333
2012,92654,0.8255,4.881889764,5.033333333
2013,92694,0.8788,3.777878926,4.686666667
2014,92736.2,1.0049,3.831226988,5.193333333
2015,92776.5,1.1432,4.155003499,3.966666667
2016,92820.1,0.95,4.652631579,4.24
2017,92859.4,1.0253,3.940310153,4.9
2018,92899.5,1.2057,3.956208012,4.77
2019,92940.5,0.9582,5.520768107,5.54
2020,92981.1,1.246,4.991974318,6.28
2021,93022.5,1.0347,4.320092781,5.783333333
2022,93063.3,1.3207,4.073597335,6.5425
2023,93103.6,1.0778,4.310340779,6.128
2024,93143.4,1.22145,3.99545305,6.2
2025,93182.7,1.16655,3.388019494,6.786
2026,93224.8,1.2226,3.679597339,5.796
2027,93266.1,1.2035,4.400794482,5.832
2028,93305.4,1.29025,3.979668918,5.704
2029,93347.1,1.3101,3.671320826,6.064
2030,93388.7,1.12955,3.840101602,5.884
2031,93430.8,1.2522,3.984589436,5.63
2032,93471.1,1.01045,4.58995597,5.96
2033,93510.1,1.1271,4.340750385,5.93
2034,93551.5,1.19235,3.835557171,6.0025
2035,93591.6,1.144,4.561836351,6.0525
2036,93632.3,1.3482,3.407603617,6.3725
2037,93676.2,1.1156,3.791698754,6.5575
2038,93714.3,1.212,3.691297565,5.54
2039,93753.6,1.10125,4.128662967,5.4775
2040,93794.5,1.16635,2.990205573,5.79
2041,93836.4,1.22065,2.917117917,5.7825
2042,93877.4,1.1155,2.801091525,6.3275
2043,93914.7,1.14835,2.845244488,6.055
2044,93956.8,1.0258,4.533824179,6.05
2045,93997.6,1.09115,4.767817951,6.4975
2046,94037.2,1.10915,4.224349421,6.365
2047,94079.9,0.96365,3.764910836,5.795
2048,94120.2,1.0658,4.129183527,5.82
2049,94163.1,0.98635,3.806923313,5.645
2050,94202.2,0.98965,4.604628639,5.16
2051,94243.6,1.12865,4.398802547,5.42
2052,94282.9,0.95565,4.414473938,5.3125
2053,94322.8,1.1109,3.831218411,4.915
2054,94358.8,1.03015,4.355952271,4.86
2055,94402.1,1.1647,3.469141267,4.77
2056,94442.7,0.99445,4.046567287,5.58
2057,94481.5,1.03455,3.659037542,5.14
2058,94518.7,1.15075,3.438906944,5.28
2059,94559.6,0.98315,3.01446154,4.1675
2060,94599.1,1.19125,3.197390069,1.92
2061,94639.1,1.0374,2.779307973,2.98
2062,94678.7,1.13865,2.798687776,3.913333333
2063,94718.4,0.7732,4.293843766,3.1
2064,94760.1,,,2.7
2065,94800.9,,,
2066,94839.8,,,
2067,94876.1,,,
2068,94915.7,,,
2069,94957.6,,,
2070,94999.3,,,
2071,95040,,,
2072,95080.3,,,
2073,95120.6,,,
2074,95160.9,,,
2075,95201.5,,,
2076,95244.1,,,
2077,95284.6,,,
2078,95325.5,,,
2079,95367.5,,,
2080,95408.3,,,
2081,95447.3,,,
2082,95489.7,,,
2083,95531.2,,,8.97
2084,95572.1,,,4.315
2085,95614.1,,,4.245
2086,95652.2,,,6.48
2087,95694.3,,,5.235
2088,95735.4,,,7.61
2089,95776,,,7.86
2090,95816.3,,,7.36
2091,95859.3,,,7.565
2092,95900.3,,,7.47
2093,95940.4,,,7.84
2094,95980.9,,,7.69
2095,96021.3,,,5.63
2096,96061.6,,,5.7
2097,96103.8,,,4.58
2098,96144.8,,,5.025
2099,96187.3,,,4.9
2100,96226.5,,,5.065
2101,96287.1,,,6.115
2102,96351.7,,,7.565
2103,96411.9,,,8.24
2104,96473.9,,,7.25
2105,96536.3,,,7.32
2106,96598.8,,,6.61
2107,96660.5,,,6.635
2108,96723.5,,,6.91
2109,96787.1,,,7.525
2110,96848.2,,,7.95
2111,96908.8,,,7.195
2112,96972.6,,,7.555
2113,97033.2,,,7.68
2114,97095.2,,,6.73
2115,97157.8,,,6.555
2116,97221.2,,,6.6
2117,97283.3,,,6.27
2118,97346.3,,,5.985
2119,97407.7,,,5.36
2120,97467.9,,,5.735
2121,97530.6,,,5.26
2122,97591.8,,,5.49
2123,97653.6,0.9886,3.651628566,5.965
2124,97715.1,0.7567,11.07440201,5.705
2125,97774.9,0.9983,6.110387659,5.04
2126,97837.9,0.7388,10.61180292,4.04
2127,97899.9,0.8662,5.056568922,5.335
2128,97960.9,0.7118,10.85979208,5.135
2129,98023.9,0.6258,8.612975391,4.54
2130,98087.9,0.8898,7.85569791,3.05
2131,98149.1,0.6928,11.64838337,3.485
2132,98212.4,0.9199,9.109685835,4.015
2133,98272.6,0.7972,13.30908179,4.44
2134,98333.7,0.7301,11.6696343,5.31
2135,98395.9,0.8172,13.83994126,3.68
2136,98457.9,0.642,13.78504673,3.405
2137,98520.3,0.9195,14.2033714,3.46
2138,98583.4,0.8078,21.16860609,2.585
2139,98645.3,0.621,13.63929147,2.065
2140,98708.2,0.6579,17.06946344,1.725
2141,98770.1,0.7781,11.01400848,3.01
2142,98830.1,0.6466,11.41354779,4.49
2143,98891.9,0.5843,23.22437104,3.71
2144,98950.7,0.5406,23.82537921,1.83
2145,99014.5,0.5528,17.87264834,2.29
2146,99078,0.555,24.36036036,1.76
2147,99138.5,0.5859,15.48045742,1.575
2148,99198.8,0.6527,16.77646698,1.77
2149,99260.7,0.4859,15.92920354,2.205
2150,99320.6,0.7571,13.14225334,2.235
2151,99388.2,0.631,13.70839937,1.345
2152,99455.5,0.6047,13.99040847,1.13
2153,99525,0.5231,16.80367043,1.645
2154,99592.9,0.6637,14.328763,1.41
2155,99662.6,0.7736,16.19700103,1.955
2156,99731.4,0.5626,19.16103804,1.5
2157,99799.4,0.5327,15.58100244,1.3605
2158,99867.8,0.6553,16.23683809,1.2975
2159,99938.6,0.5875,14.33191489,0.9975
2160,100003.9,0.5271,20.67918801,0.1055
2161,100072.4,0.563,14.28063943,1.176
2162,100141.1,0.4187,15.23764032,1.82
2163,100209.5,0.3536,19.79638009,1.01
2164,100278.5,,,
2165,100347.8,,,
2166,100414.5,,,
2167,100483.2,,,
2168,100551.8,,,
2169,100618.6,,,11.4
2170,100687.6,,,11.2
2171,100756.4,,,14
2172,100825.1,,,9.9
2173,100894,,,15.1
2174,100962.4,,,17.9
2175,101032.4,,,13.45
2176,101100.4,,,10.85
2177,101167.9,,,17.95
2178,101235.6,,,14.9
2179,101305.5,,,53.2
2180,101374.1,,,21.75
2181,101442.6,,,5.6
2182,101509.5,,,4.385
2183,101575.6,,,1.47
2184,101646,,,0.6995
2185,101715,0.2838,27.23749119,0.825
2186,101783.1,0.3228,30.39033457,0.96
2187,101852.2,0.3261,27.32290708,0.6505
2188,101919.5,0.3884,25.61791967,1.54
2189,101991.6,0.3181,26.53253694,1.265
2190,102061.2,0.3489,29.83662941,1.39
2191,102128.9,0.5296,28.45543807,0.5895
2192,102198.3,0.5283,23.66079879,0.745
2193,102268.5,0.4307,24.0538658,0.81
2194,102336.6,0.4822,26.7523849,0.439
2195,102406.4,0.4568,30.38528897,0.675
2196,102478,0.3259,39.39858852,0.572
2197,102546,0.3556,37.65466817,0.631
2198,102615.1,0.3309,40.10275008,0.3635
2199,102684.3,0.3731,34.62878585,0.2755
2200,102753.6,0.3071,29.17616412,0.571
2201,102816.5,0.4226,28.67960246,0.6155
2202,102883.6,0.4298,28.47836203,1.06
2203,102949,0.4286,29.21138591,1.237
2204,103016.5,0.2709,35.47434478,2.252
2205,103083.6,0.3398,30.95938788,2.411
2206,103150.2,0.3982,31.49171271,2.305
2207,103217,0.3047,32.5237939,2.02
2208,103284.5,0.6417,12.04612747,3.57
2209,103351.2,0.6943,11.75284459,3.5
2210,103417.2,0.6491,14.54321368,2.71
2211,103481.1,0.768,15.69010417,3.59
2212,103548.9,0.8715,11.40562249,13.925
2213,103615.6,0.7906,13.82494308,4.025
2214,103683.9,0.5889,15.75819324,4.08
2215,103750.5,0.9261,14.26411835,5.74
2216,103816.1,0.991,9.586276488,4.925
2217,103882.7,1.0269,8.004674262,4.635
2218,103948.7,0.9258,8.727586952,5.03
2219,104017.2,0.9519,8.372728228,4.345
2220,104083.8,0.8079,8.577794281,4.21
2221,104150.4,0.9462,8.44430353,4.535
2222,104216,0.8618,8.586679044,4.305
2223,104283.2,1.152,5.130208333,4.235
2224,104348.8,0.9861,6.074434642,4.26
2225,104412.9,1.058,5.831758034,4.23
2226,104479.5,0.7094,13.2224415,4.425
2227,104547.1,0.7743,12.48869947,2.9
2228,104612.5,0.8755,11.05653912,4.2
2229,104680.4,0.919,8.835690968,3.78
2230,104749.8,0.9105,9.379461834,3.465
2231,104814.9,0.6904,11.97856315,4.18
2232,104881.8,0.7181,12.79766049,2.82
2233,104949.3,0.5809,17.00809089,2.67
2234,105015.4,0.498,19.65863454,2.33
2235,105082,0.5271,23.9233542,2.695
2236,105149.6,0.4855,22.08032956,3.18
2237,105216.3,0.5663,22.86773795,3.125
2238,105282.1,0.5007,22.58837627,1.745
2239,105347.7,0.5495,23.45768881,3.025
2240,105413.5,0.6645,15.4552295,3.86
2241,105480.1,1.0233,7.729893482,1.75
2242,105547.8,0.5253,29.37369122,2.39
2243,105613.3,0.6091,20.11164012,1.56
2244,105679.3,0.5864,24.45429741,1.18
2245,105745.3,0.4648,33.15404475,1.57
2246,105813.7,0.5261,22.56225052,1.775
2247,105878.6,0.4945,23.9231547,0.596
2248,105944,0.4815,29.01349948,0.00323
2249,106006.5,0.392,28.52040816,0.408
2250,106073.4,0.4887,23.20441989,0.68
2251,106120.9,,,1.13
2252,106170.7,,,1.4155
2253,106218.6,,,1.82
2254,106267.5,,,2.87
2255,106316.5,,,2.79
2256,106363.6,,,2.57
2257,106412.3,,,2.56
2258,106460.4,,,2.02
2259,106509.9,,,0.744
2260,106561,,,0.537
2261,106605.3,,,-0.0753
2262,106655.4,0.4415,21.56285391,0.707
2263,106704.5,0.3437,30.22985161,-0.228
2264,106753.9,0.4223,19.72531376,0.352
2265,106799.8,0.3311,30.95741468,0.0745
2266,106850.3,0.3878,30.19597731,-0.061
2267,106895.3,0.4915,27.95523906,0.2965
2268,106945.1,0.3577,34.47022645,0.559
2269,106991.4,0.4211,29.16171931,0.4695
2270,107039.5,0.4795,24.4004171,0.2815
2271,107087,0.5221,20.91553342,0.2735
2272,107133.7,0.5211,21.80003838,0.436
2273,107181.6,0.498,24.87951807,0.149
2274,107231.3,0.5405,21.05457909,0.192
2275,107279.3,0.5345,18.69036483,0.603
2276,107327.2,0.5372,21.12807148,0.2325
2277,107375,0.6585,17.38800304,0.558
2278,107422.6,0.527,16.66034156,1.165
2279,107469.9,0.6508,16.57959435,1.11
2280,107519.5,0.6287,16.30348338,0.7075
2281,107568.3,0.6845,16.28926224,0.868
2282,107616.4,0.6212,15.64713458,1.325
2283,107661.2,0.6082,15.94870109,1.225
2284,107707.6,0.6052,14.68935889,1.335
2285,107756.2,0.8383,9.912919003,1.46
2286,107804.3,0.6784,14.13620283,1.225
2287,107852.1,0.7203,12.77245592,1.745
2288,107898.9,0.7182,12.16931217,1.675
2289,107948.4,0.7322,11.99125922,1.855
2290,107997.4,0.6114,14.45861956,1.585
2291,108046.4,0.8108,12.41983226,1.775
2292,108095.2,0.7532,12.74561869,1.9
2293,108143.4,0.7893,12.06132016,2.275
2294,108192.3,0.761,10.43363995,2.14
2295,108239.1,0.8948,8.337058561,2.57
2296,108287.6,0.7867,9.164865896,2.76
2297,108333.2,0.8152,9.200196271,2.645
2298,108380.2,0.8319,9.267940858,3.135
2299,108427.6,0.8253,9.65709439,3.245
2300,108477.1,0.8242,10.04610531,3.41
2301,108526.3,0.9033,6.98549762,3.105
2302,108571.5,0.8617,8.204711617,3.12
2303,108621.6,0.6186,8.874878758,3.075
2304,108669.7,0.9766,7.823059595,3.12
2305,108716.4,0.8489,8.728943338,3.65
2306,108764.3,0.9692,7.439125052,4.145
2307,108814.5,0.8997,8.124930532,4.305
2308,108860.3,0.7044,9.114139693,4.485
2309,108907.2,0.6741,11.11111111,4.415
2310,108956.9,0.7572,10.10301109,4.175
2311,109004.4,1.0258,6.23903295,4.55
2312,109052.4,0.9447,6.457076321,3.9
2313,109101.6,1.1663,6.233387636,3.93
2314,109149.9,1.0406,7.438016529,3.84
2315,109195.7,1.1426,6.581480833,3.905
2316,109245.2,1.2201,5.319236128,3.65
2317,109293.6,1.1449,6.367368329,4.275
2318,109341.4,1.2404,3.797162206,4.985
2319,109388.6,1.158,6.416234888,5.09
2320,109437.3,1.4207,3.688322658,4.73
2321,109486.4,1.0088,5.84853291,4.64
2322,109534.1,1.1414,5.615910286,3.785
2323,109579.8,1.098,5.628415301,4.415
2324,109630.3,1.1343,6.391607159,3.99
2325,109680.2,1.2565,5.905292479,3.72
2326,109727,1.277,5.160532498,5.015
2327,109776.2,1.1102,5.341379932,4.205
2328,109828.1,1.0788,6.748238784,3.54
2329,109876.7,0.9851,6.141508476,3.5725
2330,109925.6,0.9241,7.964506006,3.5825
2331,109973.1,1.0599,7.585621285,3.9675
2332,110021.4,0.9497,7.023270506,4.13
2333,110070.1,1.1101,8.512746599,4.595
2334,110117.9,1.1057,6.285610925,4.62
2335,110166.6,1.0297,7.458483053,4.78
2336,110217.8,0.9415,8.242166755,4.4675
2337,110267.6,0.8986,9.448030269,4.1025
2338,110315.3,0.823,9.477521264,4.31
2339,110365.2,0.9811,7.715829171,3.455
2340,110415.7,1.0093,8.025364114,3.0775
2341,110467.3,0.93795,8.983471126,3.115
2342,110516.3,0.77365,9.341586013,3.5125
2343,110562.6,0.9419,8.617021929,3.2775
2344,110610.3,0.82835,8.451450983,3.953333333
2345,110658.9,0.8391,10.0583959,4
2346,110709,1.321,10.68887207,5.55
2347,110757.5,0.77,11.15584416,4.94
2348,110806.8,1.3033,9.261106422,5.035
2349,110854.8,0.8672,9.813191882,4.695
2350,110906.1,1.1462,10.504275,4.6
2351,110952.4,0.9168,10.96204188,4.66
2352,111002.7,0.8231,10.53334953,4.69
2353,111051.7,1.2373,9.625798109,5.035
2354,111098.5,0.5471,11.24108938,5.395
2355,111145.8,1.2475,10.749499,4.9
2356,111194.5,1.0775,8.445475638,4.035
2357,111244.1,1.2379,7.755069069,4.425
2358,111292.6,0.8744,8.714547118,5.415
2359,111339.7,1.0416,8.074116743,4.835
2360,111386.3,0.9615,8.528341134,5.665
2361,111434.6,0.763,9.410222805,4.04
2362,111485.5,1.0449,9.532012633,3.755
2363,111534.8,1.0957,9.099205987,3.58
2364,111584.4,1.1668,8.921837504,3.78
2365,111632.4,1.1332,8.780444758,4.93
2366,111681,1.0152,9.013002364,3.96
2367,111731.5,0.966,9.347826087,3.26
2368,111781.7,1.0564,9.532374101,3.34
2369,111831,1.3098,9.054817529,3.125
2370,111879.4,1.2771,8.730718033,2.99
2371,111928,1.3793,8.64931487,3.845
2372,111977.2,1.0789,9.750671981,3.77
2373,112025.2,1.04,10.63461538,4.06
2374,112075.4,1.0952,10.76515705,4.23
2375,112123.5,1.3026,10.37156456,3.385
2376,112171.4,1.1415,10.15330705,2.39
2377,112223.9,1.1967,10.26990892,2.955
2378,112272.4,1.1471,10.80986836,3.12
2379,112318.2,1.2521,11.50067886,3.175
2380,112367.9,1.2803,11.02085449,4.125
2381,112417.9,1.1057,10.40065117,3.66
2382,112469,1.0011,10.76815503,3.69
2383,112518.5,1.1647,10.43187087,2.83
2384,112566.4,1.1935,10.91746963,2.48
2385,112615,1.2898,10.31942937,3.525
2386,112663.4,1.1955,9.878711836,4.6
2387,112710.9,1.0389,10.53999422,5.505
2388,112762.1,1.1641,9.372047075,3.535
2389,112810.7,1.5411,8.487444033,4.22
2390,112857.3,1.1988,8.950617284,5.045
2391,112906.4,1.2211,8.45958562,5.04
2392,112958.3,1.3423,8.805781122,4.84
2393,113009.2,1.5411,8.656154695,5.085
2394,113056.5,1.2101,8.462110569,4.63
2395,113107.2,1.1591,8.886204814,5.245
2396,113156.3,1.2222,8.394698085,9.25
2397,113202.7,1.1802,9.261142179,5.235
2398,113250.5,1.1436,8.359566282,8.275
2399,113299.3,1.3258,8.040428421,6.12
2400,113346.8,1.4659,6.698956273,4.635
2401,113395.7,1.382,6.816208394,4.98
2402,113441.9,1.4552,5.999175371,4.57
2403,113491.6,1.4066,6.583250391,5.11
2404,113540.8,1.4041,4.50110391,6.255
2405,113588.1,1.4434,6.193709297,7.71
2406,113633.3,1.7084,3.904237883,9.28
2407,113681.8,1.5077,3.793858195,9.195
2408,113732.9,1.5624,6.835637481,10.47
2409,113782.8,1.2645,3.519177541,19.45
2410,113831.8,1.7906,4.786105216,15.95
2411,113880.9,,,9.6
2412,113928.8,,,12.95
2413,113977.5,,,8.7
2414,114025.2,,,11.55
2415,114073,,,23.65
2416,114120.3,,,5.51
2417,114169.1,,,12.045
2418,114218.5,,,10.93
2419,114265.8,,,8.98
2420,114316,,,9.6
2421,114363.9,,,11.9
2422,114413.8,,,10.97
2423,114463.8,,,9.585
2424,114511.9,1.2552,2.103250478,5.525
2425,114560.4,1.318,2.632776935,11.365
2426,114609.2,1.2898,2.062335246,11.69
2427,114657.9,1.5578,1.945050713,13.2
2428,114706,1.271,1.801730921,13.4
2429,114754.5,1.22,1.991803279,11.3
2430,114805.4,1.3034,2.171244438,10.8
2431,114852.8,1.3235,1.503588969,8.875
2432,114902.2,1.2802,1.452897985,9.725
2433,114950.8,1.3502,1.562731447,11.35
2434,114999.9,0.8438,1.61175634,15.65
2435,115048.3,1.3114,1.776727162,14.65
2436,115095.5,1.7343,1.966211151,11.675
2437,115141.9,1.3326,2.003601981,12.14
2438,115192.4,0.8492,2.249175695,11.2
2439,115240.8,1.3867,2.386961852,10.105
2440,115289.4,1.2788,2.213012199,8.925
2441,115337.7,1.5279,1.956934354,9.105
2442,115387.2,1.2244,2.196994446,8.745
2443,115433.7,1.4343,2.398382486,6.415
2444,115482.7,1.3179,2.670915851,14.6
2445,115530.6,1.2833,2.314345827,11.08
2446,115581,1.285,2.147859922,10.23
2447,115629.4,1.3385,2.174075458,10.85
2448,115678.8,1.2194,2.214203707,11.85
2449,115726.5,1.1874,2.492841502,13.1
2450,115775.3,1.3765,2.252088631,9.475
2451,115821.7,1.3313,2.253436491,11.3
2452,115869.7,1.3793,2.225766693,12.8
2453,115917.6,1.1816,2.581245768,11.65
2454,115965,1.215,2.716049383,10.33
2455,116013,1.3948,2.265557786,13.6
2456,116058.1,1.4029,2.117043268,12.4
2457,116106.3,1.2654,2.260154892,15
2458,116152,1.5509,2.372815784,10.985
2459,116196.7,1.1947,2.343684607,11.475
2460,116244.3,1.3257,2.036659878,8.47
2461,116287.8,1.546,1.979301423,10.345
2462,116335.2,1.8721,2.19005395,12.05
2463,116381.6,,,14
2464,116428.7,1.3123,2.65183266,5.65
2465,116473.4,1.2642,2.831830407,10.75
2466,116518.3,1.7221,2.781487718,18.25
2467,116563.5,1.4618,2.811602134,12.25
2468,116608.7,1.3568,2.609080189,14.3
2469,116656.1,1.3736,2.489807804,12.9
2470,116701.8,1.4505,2.57152706,12.3
2471,116747,1.4221,2.826805429,15.65
2472,116790.2,1.4601,2.760084926,20.6
2473,116839.2,1.4643,3.03216554,16.49
2474,116883.8,1.3465,2.710731526,9.17
2475,116930.9,1.2457,3.299349763,12.65
2476,116977.6,1.3038,2.830188679,10.745
2477,117019.7,1.1676,4.530661185,9.25
2478,117066,1.2044,3.362670209,9.575
2479,117112.1,1.3542,3.684832373,12.3
2480,117156.4,1.4463,3.208186407,10.35
2481,117206.3,1.6333,3.961305333,9.4
2482,117251.4,1.1576,4.345196959,15.7
2483,117296.4,1.4803,3.127744376,13.2
2484,117344.6,1.4656,2.988537118,12.95
2485,117390.6,1.4195,3.670306446,10.76
2486,117434,1.2449,2.795405253,8.995
2487,117476.7,1.234,2.617504052,12.85
2488,117525,1.1686,2.841006332,11.185
2489,117569.4,1.2471,2.862641328,8.635
2490,117618.4,1.2524,2.083998722,10.55
2491,117661.9,1.1741,2.69994038,9.65
2492,117709.3,1.5947,2.502038001,10.52
2493,117753.2,1.3293,2.520123373,14.8
2494,117801.2,1.4033,2.615264021,10.4
2495,117846.4,1.3742,2.99810799,7.325
2496,117890.3,1.5894,2.686548383,5.455
2497,117935.4,1.3532,2.69731008,9.4
2498,117982.9,1.1028,2.720348205,12.385
2499,118028.9,1.3023,2.764340014,12.16
2500,118074.5,1.5202,2.769372451,10.5
2501,118113.7,1.3581,2.93056476,13.1
2502,118156.1,1.3186,2.669497952,12.75
2503,118194.7,1.2038,2.683169962,11.6
2504,118236.7,1.4647,2.628524613,16.65
2505,118276.8,1.2877,2.733555952,16.55
2506,118319,1.5095,4.246439218,13.65
2507,118360,1.4968,2.832709781,10.29
2508,118400.3,1.5308,2.69793572,11.9
2509,118441.9,1.3632,2.758215962,11.5
2510,118484.1,1.4752,3.043655098,7.48
2511,118522.9,1.4495,3.090720938,8.16
2512,118562.5,1.6044,3.153826976,8.77
2513,118603.7,1.471,2.868796737,9.305
2514,118645.9,1.5381,2.633118783,12.05
2515,118687.1,1.4233,2.719033233,14.85
2516,118729.2,1.4849,2.734190855,9.85
2517,118770.7,1.4917,2.963062278,10.4
2518,118811.7,1.7016,2.750352609,11.45
2519,118851.5,1.2663,2.732369897,9.4
2520,118890.3,1.5214,2.655448929,8.77
2521,118933.4,1.3644,2.587217825,8.16
2522,118974.7,1.3944,2.739529547,8.745
2523,119014,1.2843,2.74079265,11.25
2524,119055.9,1.5602,2.480451224,13
2525,119096.8,1.4098,2.347850759,13.4
2526,119139.5,1.3749,2.516546658,13
2527,119180.9,1.4127,2.300559213,12.65
2528,119220,1.3653,2.746649088,13.35
2529,119263.1,1.4172,2.801298335,13.9
2530,119302.3,1.5551,2.578612308,11
2531,119346,1.486,2.786002692,9.9
2532,119387.6,1.4228,2.621591229,11.55
2533,119424.6,1.491,2.77665996,11.35
2534,119465.8,1.5457,2.568415605,10.695
2535,119508.5,1.5052,2.431570555,10.34
2536,119550.5,1.4254,2.65188719,10.995
2537,119590.8,1.5587,2.694553153,9.925
2538,119633.4,1.5149,3.50518186,9.15
2539,119674.1,1.4507,2.605638657,10.19
2540,119714.3,1.4386,3.128041151,8.97
2541,119754.5,1.3403,3.141087816,7.705
2542,119795.7,1.444,3.199445983,9.355
2543,119836.4,1.4831,2.724024004,7.355
2544,119880.3,1.5872,2.841481855,7.88
2545,119921.4,1.5276,2.860696517,7.035
2546,119961,1.4704,2.78835691,6.2
2547,120001.6,1.5201,2.953753043,7.07
2548,120040,1.5551,2.784386856,5.885
2549,120080.4,1.6731,2.629848784,6.525
2550,120123.2,1.4813,2.889353946,6.9
2551,120164.9,1.4905,2.61657162,8.17
2552,120196.3,1.3435,2.486043915,6.815
2553,120225.5,0.778,2.7,7.335
2554,120252.7,1.5556,2.58421188,8.395
2555,120284.2,1.5141,2.6550426,7.8
2556,120312.9,,,8.15
2557,120342.1,,,3.01
2558,120370.4,,,
2559,120401.6,,,
2560,120430.1,,,
2561,120458.7,,,
2562,120487.3,,,
2563,120517.7,,,
2564,120545.6,,,
2565,120571,,,
2566,120599.8,,,
2567,120628.9,,,
2568,120660.3,,,
2569,120687.7,,,
2570,120717.3,,,
2571,120745.3,,,
2572,120774.6,,,
2573,120803.2,,,
2574,120833.7,,,
2575,120860.5,,,
2576,120890.6,,,
2577,120919.4,,,
2578,120949.7,,,
2579,120978.1,,,3.2
2580,121006.9,,,0.5
2581,121036.7,1.0904,0.357666911,2.655
2582,121065.7,1.2382,0.468421903,5.015
2583,121094.2,1.3043,1.748064096,4.7
2584,121120.5,1.2637,1.353169265,4.445
2585,121150.5,1.3477,1.558210284,5.43
2586,121181.2,1.3776,1.829268293,5.865
2587,121209,1.1939,2.294999581,6.92
2588,121238.2,1.2809,2.170348973,7.84
2589,121267.7,1.3939,1.456345505,6.6
2590,121296.5,1.4406,1.554907677,3.64
2591,121322.4,1.7968,1.458147818,4.435
2592,121350.7,1.8935,1.489305519,6.625
2593,121380.3,1.5278,1.302526509,6.775
2594,121412.2,1.4698,1.415158525,5.865
2595,121440.5,1.5054,1.062840441,3.545
2596,121954,2.0932,1.084463979,3.085
2597,122043.5,1.5777,1.02047284,2.675
2598,122070.7,2.1892,1.607893294,3.455
2599,122102.4,1.9121,0.554364311,2.0245
2600,122132,2.135,1.241217799,3.165
2601,122160,1.259,0.4050834,1.91
2602,122179.1,1.2924,0.386877128,1.212
2603,122198.4,1.756,0.432801822,1.356
2604,122219.8,1.5463,0.45696,2.118
2605,122238,1.1404,0.420904946,1.779
2606,122257.9,1.2446,0.474047887,2.524
2607,122276.5,1.3549,0.509262676,1.775
2608,122296.5,1.4695,0.449132358,1.36
2609,122315.5,1.4224,0.541338583,0.9785
2610,122333.7,1.3324,0.405283699,2.2375
2611,122353.9,1.5277,0.386201479,2.725
2612,122375,0.9676,0.413393964,3.375
2613,122396.1,1.4271,0.406418611,3.61
2614,122418.5,1.5298,0.437965747,2.35
2615,122445.3,1.7739,0.338237781,3.035
2616,122466,1.5682,0.446371636,3.05
2617,122487,1.1526,0.442477876,2.495
2618,122504.6,1.6547,0.423037409,2.755
2619,122522.6,1.5982,0.431735703,2.685
2620,122543,1.2913,0.42592736,5.29
2621,122562.9,1.322,0.363086233,3.355
2622,122581.6,1.4236,0.365271144,1.92
2623,122598.8,1.4321,0.425947909,2.435
2624,122616,1.3705,0.394016782,4.08
2625,122634.7,1.3859,0.454578252,3
2626,122655.3,1.4586,0.445632799,1.851
2627,122674.5,1.4628,0.382827454,3.125
2628,122692.9,1.7515,0.41107622,4.065
2629,122713.8,1.5933,0.407958325,3.68
2630,122734.2,1.9993,0.390136548,3.275
2631,122757.8,1.1631,0.447081076,2.525
2632,122779.3,1.056,0.378787879,1.92
2633,122799,1.1678,0.967631444,2.805
2634,122818.3,1.4698,0.312967751,3.215
2635,122837,1.2151,0.362110114,2.86
2636,122855.1,1.4947,0.327824982,2.6275
2637,122876.1,1.4375,0.264347826,2.115
2638,122895.3,1.457,0.370624571,2.42
2639,122915,1.5816,0.442589782,3.52
2640,122935.8,1.2763,0.305570791,3.15
2641,122955.3,1.3418,0.21612759,3.355
2642,122976.3,1.3268,0.406994272,2.67
2643,122996,1.8134,0.408073233,3.245
2644,123015.3,1.3902,0.438785786,3.8
2645,123035.2,1.239,0.451977401,3.375
2646,123053.4,1.3978,0.350550866,1.947
2647,123071.8,1.2341,0.510493477,1.827
2648,123091.1,1.2214,0.360242345,2.515
2649,123111.2,1.3109,0.419559082,1.813
2650,123130,1.5035,0.359161955,1.644
2651,123105,1.2752,0.423462986,2.975
2652,123149.1,1.1881,0.311421598,2.725
2653,123199.1,1.458,0.425240055,2.935
2654,123253.7,1.1069,0.433643509,2.12995
2655,123306.5,1.4039,0.427380868,4.015
2656,123357.7,1.3143,0.448908164,3.67
2657,123410.4,1.337,0.568436799,4.725
2658,123457.4,1.4107,0.382788686,3.47
2659,123510.7,1.2872,0.372902424,5.54
2660,123564.9,1.2468,0.441129291,4.07
2661,123612.8,1.2017,0.474328035,4.565
2662,123661.7,1.2387,0.500524744,5.275
2663,123712.8,1.337,0.463724757,2.0925
2664,123762.4,1.3443,0.498400655,3.565
2665,123811.9,1.3866,0.382229915,2.91
2666,123865,1.3781,0.39910021,2.88
2667,123918.9,1.5166,0.263747857,4.38
2668,123968.5,1.3859,0.382422974,3.785
2669,124016.5,1.3134,0.479671083,2.46
2670,124068,1.3121,0.381068516,2.01
2671,124119.4,1.3329,0.56987,3.595
2672,124172.9,1.3453,0.698728908,2.94
2673,124224.4,1.4404,0.485976118,1.57
2674,124276.5,1.3528,0.340035482,2.68
2675,124329.5,1.3824,0.368923611,1.905
2676,124380.8,1.3017,0.376430821,2.32
2677,124429.2,1.4124,0.608892665,2.55
2678,124481.3,1.3721,0.41867,2.38295
2679,124534.1,1.3442,0.34867,1.4884
2680,124584.9,1.3726,0.784156,1.729
2681,124636.2,1.3093,0.6543,1.889
2682,124689.3,1.2445,0.58793,1.0825
2683,124736,1.3354,0.247116969,1.685
2684,124785.4,1.44,0.375,2.2
2685,124836.8,1.2844,0.4048583,1.757
2686,124886.5,,,2.6
2687,124938.4,,,
2688,124991.4,,,
2689,125039.1,,,
2690,125090.7,,,
2691,125144.6,,,
2692,125197.5,,,
2693,125249,,,
2694,125299.7,,,
2695,125349.9,,,
2696,125401.4,,,
2697,125452.8,,,
2698,125505.2,,,
2699,125555.9,,,
2700,125605.4,,,
,125657.1,,,
